date,site,colony,sex,spawning,h_after_sunrise,sst
2021-11-23,Vairao,1,MALE,YES,1.5999999999999996,27.3799932844937
2021-11-23,Vairao,4,FEMALE,YES,2.1166666669999996,27.3799932844937
2021-11-23,Vairao,6,MALE,YES,1.6166666669999996,27.3799932844937
2021-11-23,Vairao,8,MALE,YES,1.9500000000000002,27.3799932844937
2021-11-23,Vairao,9,MALE,YES,1.5499999999999998,27.3799932844937
2021-11-23,Vairao,11,FEMALE,YES,2.266666667,27.3799932844937
2021-11-23,Vairao,14,FEMALE,YES,2.5,27.3799932844937
2021-11-23,Vairao,15,FEMALE,YES,2.233333333,27.3799932844937
2021-11-23,Vairao,18,FEMALE,YES,2.3333333329999997,27.3799932844937
2021-11-23,Vairao,19,FEMALE,YES,2.45,27.3799932844937
2021-11-23,Vairao,20,MALE,YES,1.733333333,27.3799932844937
2021-11-23,Vairao,21,FEMALE,YES,2.3666666669999996,27.3799932844937
2021-11-23,Vairao,24,FEMALE,YES,2.216666667,27.3799932844937
2021-11-23,Vairao,25,MALE,YES,1.8333333329999997,27.3799932844937
2021-11-23,Vairao,28,MALE,YES,1.8499999999999996,27.3799932844937
2021-12-23,Vairao,1,MALE,YES,1.500000033,28.0399932697416
2021-12-23,Vairao,6,MALE,YES,1.3833333670000005,28.0399932697416
2021-12-23,Vairao,9,MALE,YES,1.3333333670000007,28.0399932697416
2021-12-23,Vairao,11,FEMALE,YES,2.0833333670000007,28.0399932697416
2021-12-23,Vairao,14,FEMALE,YES,2.3333333670000007,28.0399932697416
2021-12-23,Vairao,15,FEMALE,YES,2.3333333670000007,28.0399932697416
2021-12-23,Vairao,18,FEMALE,YES,2.3333333670000007,28.0399932697416
2021-12-23,Vairao,19,FEMALE,YES,2.283333367,28.0399932697416
2021-12-23,Vairao,20,MALE,YES,1.9166667000000004,28.0399932697416
2021-12-23,Vairao,21,FEMALE,YES,1.750000033,28.0399932697416
2021-12-23,Vairao,23,FEMALE,YES,1.7666667,28.0399932697416
2021-12-23,Vairao,24,FEMALE,YES,2.2666667,28.0399932697416
2021-12-23,Vairao,25,MALE,YES,1.7333333670000002,28.0399932697416
2021-12-23,Vairao,26,MALE,YES,1.7166667000000002,28.0399932697416
2021-12-23,Vairao,27,FEMALE,YES,2.1666667000000004,28.0399932697416
2021-12-23,Vairao,29,FEMALE,YES,2.1666667000000004,28.0399932697416
2022-01-22,Vairao,1,MALE,YES,1.5500000329999999,28.4599932603538
2022-01-22,Vairao,6,MALE,YES,1.5166667,28.4599932603538
2022-01-22,Vairao,8,MALE,YES,1.7000000329999994,28.4599932603538
2022-01-22,Vairao,9,MALE,YES,1.4666666999999993,28.4599932603538
2022-01-22,Vairao,13,FEMALE,YES,2.033333367,28.4599932603538
2022-01-22,Vairao,14,FEMALE,YES,2.1833333669999995,28.4599932603538
2022-01-22,Vairao,15,FEMALE,YES,2.1166666999999997,28.4599932603538
2022-01-22,Vairao,16,FEMALE,YES,2.4666666999999993,28.4599932603538
2022-01-22,Vairao,17,MALE,YES,1.7000000329999994,28.4599932603538
2022-01-22,Vairao,21,FEMALE,YES,2.2000000329999994,28.4599932603538
2022-01-22,Vairao,22,MALE,YES,1.7000000329999994,28.4599932603538
2022-01-22,Vairao,23,FEMALE,YES,2.2000000329999994,28.4599932603538
2022-01-22,Vairao,24,FEMALE,YES,2.000000033,28.4599932603538
2022-01-22,Vairao,25,MALE,YES,1.783333367,28.4599932603538
2022-01-22,Vairao,28,MALE,YES,1.783333367,28.4599932603538
2022-01-22,Vairao,30,MALE,YES,1.9666666999999993,28.4599932603538
2022-02-21,Vairao,25,MALE,YES,1.9166666999999995,27.9599932715297
2022-02-21,Vairao,28,MALE,YES,1.9166666999999995,27.9599932715297
2022-03-22,Vairao,4,FEMALE,YES,1.7833332999999998,28.6199932567775
2022-03-22,Vairao,6,MALE,YES,1.4499999670000001,28.6199932567775
2022-03-22,Vairao,8,MALE,YES,1.6166666330000004,28.6199932567775
2022-03-22,Vairao,24,FEMALE,YES,1.8166666329999996,28.6199932567775
2022-03-22,Vairao,25,MALE,YES,1.6499999670000003,28.6199932567775
2022-03-22,Vairao,28,MALE,YES,1.6499999670000003,28.6199932567775
2022-03-22,Vairao,30,MALE,YES,1.8999999670000003,28.6199932567775
2022-11-13,Vairao,1,MALE,YES,2.449999997,26.7399932987988
2022-11-13,Vairao,5,FEMALE,YES,3.0333333299999996,26.7399932987988
2022-11-13,Vairao,8,MALE,YES,2.5333333299999996,26.7399932987988
2022-11-13,Vairao,9,MALE,YES,2.199999997,26.7399932987988
2022-11-13,Vairao,26,MALE,YES,2.449999997,26.7399932987988
2022-11-13,Vairao,28,MALE,YES,2.6166666629999993,26.7399932987988
2022-12-12,Vairao,1,MALE,YES,1.7833333329999999,27.6399932786823
2022-12-12,Vairao,2,FEMALE,YES,2.233333333,27.6399932786823
2022-12-12,Vairao,3,FEMALE,YES,2.5,27.6399932786823
2022-12-12,Vairao,4,FEMALE,YES,2.05,27.6399932786823
2022-12-12,Vairao,5,FEMALE,YES,2.483333333,27.6399932786823
2022-12-12,Vairao,6,MALE,YES,1.6333333330000004,27.6399932786823
2022-12-12,Vairao,8,MALE,YES,1.9166666670000003,27.6399932786823
2022-12-12,Vairao,9,MALE,YES,1.8499999999999996,27.6399932786823
2022-12-12,Vairao,16,FEMALE,YES,2.283333333,27.6399932786823
2022-12-12,Vairao,26,MALE,YES,1.9166666670000003,27.6399932786823
2023-01-11,Vairao,1,MALE,YES,1.5166666329999998,28.1499932672829
2023-01-11,Vairao,2,FEMALE,YES,1.716666633,28.1499932672829
2023-01-11,Vairao,3,FEMALE,YES,1.9833333,28.1499932672829
2023-01-11,Vairao,4,FEMALE,YES,1.6499999670000003,28.1499932672829
2023-01-11,Vairao,5,FEMALE,YES,1.9833333,28.1499932672829
2023-01-11,Vairao,6,MALE,YES,1.4166666330000002,28.1499932672829
2023-01-11,Vairao,7,MALE,YES,1.499999967,28.1499932672829
2023-01-11,Vairao,9,MALE,YES,1.4166666330000002,28.1499932672829
2023-01-11,Vairao,11,FEMALE,YES,1.7666666329999998,28.1499932672829
2023-01-11,Vairao,12,MALE,YES,1.5833332999999996,28.1499932672829
2023-01-11,Vairao,13,FEMALE,YES,1.749999967,28.1499932672829
2023-01-11,Vairao,17,MALE,YES,1.5666666329999996,28.1499932672829
2023-01-11,Vairao,18,FEMALE,YES,1.8333332999999996,28.1499932672829
2023-01-11,Vairao,19,FEMALE,YES,1.7999999669999998,28.1499932672829
2023-01-11,Vairao,20,MALE,YES,1.6166666330000004,28.1499932672829
2023-01-11,Vairao,21,FEMALE,YES,2.4833333,28.1499932672829
2023-01-11,Vairao,22,FEMALE,YES,1.7333333,28.1499932672829
2023-01-11,Vairao,23,FEMALE,YES,1.716666633,28.1499932672829
2023-01-11,Vairao,24,FEMALE,YES,2.466666633,28.1499932672829
2023-01-11,Vairao,25,MALE,YES,1.6499999670000003,28.1499932672829
2023-01-11,Vairao,27,FEMALE,YES,2.4833333,28.1499932672829
2023-01-11,Vairao,28,MALE,YES,1.7333333,28.1499932672829
2023-01-11,Vairao,29,FEMALE,YES,1.6333333000000003,28.1499932672829
2023-01-12,Vairao,1,MALE,YES,1.7166667000000002,28.2399932652712
2023-01-12,Vairao,2,FEMALE,YES,2.250000033,28.2399932652712
2023-01-12,Vairao,3,FEMALE,YES,1.8833333670000005,28.2399932652712
2023-01-12,Vairao,4,FEMALE,YES,2.2166667,28.2399932652712
2023-01-12,Vairao,6,MALE,YES,1.7000000330000002,28.2399932652712
2023-01-12,Vairao,7,MALE,YES,1.5166667,28.2399932652712
2023-01-12,Vairao,8,MALE,YES,2.1666667000000004,28.2399932652712
2023-01-12,Vairao,9,MALE,YES,1.6666667000000004,28.2399932652712
2023-01-12,Vairao,10,FEMALE,YES,2.0166667,28.2399932652712
2023-01-12,Vairao,11,FEMALE,YES,1.9333333670000004,28.2399932652712
2023-01-12,Vairao,12,MALE,YES,1.8666667000000006,28.2399932652712
2023-01-12,Vairao,18,FEMALE,YES,2.2666667,28.2399932652712
2023-01-12,Vairao,19,MALE,YES,2.300000033,28.2399932652712
2023-01-12,Vairao,20,MALE,YES,1.8000000329999999,28.2399932652712
2023-01-12,Vairao,24,FEMALE,YES,1.8500000330000006,28.2399932652712
2023-01-12,Vairao,25,MALE,YES,2.000000033,28.2399932652712
2023-01-12,Vairao,28,MALE,YES,1.9666667000000002,28.2399932652712
2023-01-12,Vairao,29,FEMALE,YES,2.050000033,28.2399932652712
2023-02-10,Vairao,1,MALE,YES,1.4500000000000002,28.4899932596833
2023-02-10,Vairao,2,FEMALE,YES,1.9500000000000002,28.4899932596833
2023-02-10,Vairao,3,FEMALE,YES,1.6166666666666698,28.4899932596833
2023-02-10,Vairao,4,FEMALE,YES,1.9500000000000002,28.4899932596833
2023-02-10,Vairao,6,MALE,YES,1.43333333333333,28.4899932596833
2023-02-10,Vairao,8,MALE,YES,1.9000000000000004,28.4899932596833
2023-02-10,Vairao,9,MALE,YES,1.4500000000000002,28.4899932596833
2023-02-10,Vairao,10,FEMALE,YES,1.75,28.4899932596833
2023-02-10,Vairao,26,MALE,YES,1.5333333333333306,28.4899932596833
2023-03-12,Vairao,3,FEMALE,YES,1.9833333666666704,28.9299932498485
2023-03-12,Vairao,4,FEMALE,YES,1.7500000333333299,28.9299932498485
2023-03-12,Vairao,5,FEMALE,YES,1.8166666999999999,28.9299932498485
2023-03-12,Vairao,6,MALE,YES,1.3666666999999997,28.9299932498485
2023-03-12,Vairao,8,MALE,YES,1.6166666999999997,28.9299932498485
2023-03-12,Vairao,9,MALE,YES,1.3166666999999999,28.9299932498485
2023-03-12,Vairao,11,FEMALE,YES,1.8666666999999997,28.9299932498485
2023-03-12,Vairao,12,MALE,YES,1.5000000333333299,28.9299932498485
2023-03-12,Vairao,14,FEMALE,YES,1.9166667000000004,28.9299932498485
2023-03-12,Vairao,15,FEMALE,YES,1.6833333666666697,28.9299932498485
2023-03-12,Vairao,16,FEMALE,YES,1.9833333666666704,28.9299932498485
2023-03-12,Vairao,17,MALE,YES,1.6833333666666697,28.9299932498485
2023-03-12,Vairao,18,FEMALE,YES,1.8500000333333304,28.9299932498485
2023-03-12,Vairao,21,FEMALE,YES,1.6000000333333304,28.9299932498485
2023-03-12,Vairao,22,FEMALE,YES,1.6833333666666697,28.9299932498485
2023-03-12,Vairao,25,MALE,YES,1.5500000333333297,28.9299932498485
2023-03-12,Vairao,27,FEMALE,YES,1.7333333666666704,28.9299932498485
2023-03-12,Vairao,28,MALE,YES,1.5500000333333297,28.9299932498485
2023-03-12,Vairao,29,FEMALE,YES,1.7333333666666704,28.9299932498485
2023-03-12,Vairao,30,MALE,YES,1.6666667000000004,28.9299932498485
2023-04-10,Vairao,4,FEMALE,YES,1.966666700000001,29.0699932467193
2023-04-10,Vairao,5,FEMALE,YES,2.0166667,29.0699932467193
2023-04-10,Vairao,6,MALE,YES,1.45000003333333,29.0699932467193
2023-04-10,Vairao,8,MALE,YES,1.6500000333333302,29.0699932467193
2023-04-10,Vairao,21,FEMALE,YES,1.7833333666666702,29.0699932467193
2023-04-10,Vairao,22,FEMALE,YES,2.08333336666667,29.0699932467193
2023-04-10,Vairao,25,MALE,YES,1.5333333666666702,29.0699932467193
2023-04-10,Vairao,28,MALE,YES,1.58333336666667,29.0699932467193
2023-04-10,Vairao,30,MALE,YES,1.6833333666666705,29.0699932467193
