country,island,site,habitat,depth,latitude,longitude,date,season,h_start,h_sunrise,h_after_sunrise
French Polynesia,Tahiti,Vairao 1,Lagoon,2,-17.806149,-149.295217,2019-11-17,2019-2020,7.11666666666667,5.21583333333333,1.90083333333334
French Polynesia,Tahiti,Vairao 1,Lagoon,2,-17.806149,-149.295217,2020-11-05,2020-2021,6.98333333333333,5.26638888888889,1.7169444444444402
French Polynesia,Tahiti,Vairao 1,Lagoon,2,-17.806149,-149.295217,2020-12-04,2020-2021,6.66666666666667,5.2258333333333304,1.4408333333333392
French Polynesia,Tahiti,Vairao 1,Lagoon,2,-17.806149,-149.295217,2021-01-03,2020-2021,6.83333333333333,5.45138888888889,1.3819444444444402
French Polynesia,Tahiti,Vairao 1,Lagoon,2,-17.806149,-149.295217,2021-02-02,2020-2021,7.01666666666667,5.75777777777778,1.2588888888888903
French Polynesia,Tahiti,Vairao 1,Lagoon,2,-17.806149,-149.295217,2021-03-03,2020-2021,7.41666666666667,5.94972222222222,1.46694444444445
French Polynesia,Tahiti,Vairao 1,Lagoon,2,-17.806149,-149.295217,2021-04-02,2020-2021,7.65,6.06361111111111,1.58638888888889
French Polynesia,Tahiti,Vairao 2,Lagoon,2,-17.809063,-149.298679,2020-12-04,2020-2021,6.83333333333333,5.22611111111111,1.6072222222222203
French Polynesia,Tahiti,Vairao 3,Lagoon,2,-17.809872,-149.302818,2020-12-04,2020-2021,6.83333333333333,5.22638888888889,1.6069444444444407
French Polynesia,Tahiti,Pointe Venus,Lagoon,2,-17.494471,-149.492953,2019-11-17,2019-2020,6.96666666666667,5.23722222222222,1.7294444444444501
French Polynesia,Tahiti,Pointe Venus,Lagoon,2,-17.494471,-149.492953,2020-12-04,2020-2021,6.91666666666667,5.24888888888889,1.66777777777778
French Polynesia,Tahiti,Punaauia PK 15,Lagoon,2,-17.637801,-149.614553,2020-11-05,2020-2021,7.25,5.29138888888889,1.95861111111111
French Polynesia,Tahiti,Punaauia PK 15,Lagoon,2,-17.637801,-149.614553,2020-12-04,2020-2021,7.13333333333333,5.2525,1.8808333333333298
French Polynesia,Tahiti,Punaauia PK 18,Lagoon,2,-17.661567,-149.597767,2019-11-17,2019-2020,7.33333333333333,5.24,2.09333333333333
French Polynesia,Tahiti,Papearii,Lagoon,2,-17.764667,-149.392071,2020-12-04,2020-2021,6.76666666666667,5.23361111111111,1.5330555555555598
French Polynesia,Moorea,Maharepa 2,Lagoon,2,-17.479639,-149.796028,2019-11-17,2019-2020,7.16666666666667,5.25777777777778,1.9088888888888897
French Polynesia,Moorea,Maharepa 2,Lagoon,2,-17.479639,-149.796028,2020-11-05,2020-2021,7.08333333333333,5.30694444444444,1.7763888888888903
French Polynesia,Moorea,Maharepa 3,Lagoon,2,-17.478444,-149.796611,2020-12-04,2020-2021,6.95,5.26944444444444,1.6805555555555598
French Polynesia,Moorea,Maharepa 4,Lagoon,2,-17.478895,-149.790797,2020-12-04,2020-2021,6.91666666666667,5.26916666666667,1.6475
French Polynesia,Moorea,Tiaia,Lagoon,2,-17.47513,-149.7803,2020-12-04,2020-2021,6.83333333333333,5.26861111111111,1.5647222222222208
French Polynesia,Moorea,Tiki village,Lagoon,2,-17.529101,-149.90748,2020-12-04,2020-2021,7.1,5.27527777777778,1.8247222222222197
French Polynesia,Moorea,Tiki village,Lagoon,2,-17.529101,-149.90748,2021-04-02,2020-2021,7.63333333333333,6.10277777777778,1.5305555555555506
French Polynesia,Raiatea,Pufau,Lagoon,2,-16.762599,-151.492126,2020-11-05,2020-2021,7.03333333333333,5.43527777777778,1.5980555555555496
French Polynesia,Tahaa,Baie rae,Lagoon,2,-16.620517,-151.432817,2020-12-04,2020-2021,7.16666666666667,5.405,1.7616666666666694
French Polynesia,Bora Bora,Pointe Raititi,Lagoon,2,-16.53283,-151.747537,2020-11-05,2020-2021,7.3,5.45722222222222,1.8427777777777798
French Polynesia,Bora Bora,Pointe Raititi,Lagoon,2,-16.53283,-151.747537,2020-12-04,2020-2021,7,5.42861111111111,1.5713888888888903
French Polynesia,Bora Bora,Bloody Marys,Lagoon,5,-16.52982,-151.727849,2020-11-05,2020-2021,7,5.45583333333333,1.54416666666667
French Polynesia,Bora Bora,Bloody Marys,Lagoon,5,-16.52982,-151.727849,2020-12-04,2020-2021,6.83333333333333,5.4275,1.4058333333333302
French Polynesia,Bora Bora,Bloody Marys,Lagoon,5,-16.52982,-151.727849,2021-03-03,2020-2021,7.35,6.12305555555556,1.22694444444444
French Polynesia,Bora Bora,Bloody Marys,Lagoon,5,-16.52982,-151.727849,2021-04-02,2020-2021,7.41666666666667,6.21777777777778,1.1988888888888898
French Polynesia,Bora Bora,Matira,Lagoon,2,-16.5365,-151.7409,2020-11-05,2020-2021,7.58333333333333,5.45666666666667,2.1266666666666607
French Polynesia,Bora Bora,Matira,Lagoon,2,-16.5365,-151.7409,2020-12-04,2020-2021,6.83333333333333,5.42805555555556,1.40527777777777
French Polynesia,Bora Bora,Ame,Lagoon,2,-16.524429,-151.739351,2020-12-04,2020-2021,6.75,5.42833333333333,1.3216666666666699
French Polynesia,Bora Bora,Ame,Lagoon,2,-16.524429,-151.739351,2021-04-02,2020-2021,7.53333333333333,6.21833333333333,1.3149999999999995
French Polynesia,Bora Bora,Pointe Taihi,Lagoon,2,-16.465298,-151.743954,2020-11-05,2020-2021,7.5,5.45833333333333,2.0416666666666696
French Polynesia,Bora Bora,Pointe Taihi,Lagoon,2,-16.465298,-151.743954,2020-12-04,2020-2021,7,5.43055555555556,1.5694444444444402
French Polynesia,Maupiti,Petit lagon bleu,Lagoon,5,-16.473867,-152.2525,2020-11-05,2020-2021,7.3,5.49194444444444,1.8080555555555602
French Polynesia,Maupiti,Petit lagon bleu,Lagoon,5,-16.473867,-152.2525,2020-12-04,2020-2021,6.98333333333333,5.46416666666667,1.51916666666666
French Polynesia,Maupiti,Petit lagon bleu,Lagoon,5,-16.473867,-152.2525,2021-01-03,2020-2021,7.1,5.69027777777778,1.4097222222222197
French Polynesia,Maupiti,Petit lagon bleu,Lagoon,5,-16.473867,-152.2525,2021-02-02,2020-2021,7.5,5.98416666666667,1.5158333333333296
French Polynesia,Maupiti,Petit lagon bleu,Lagoon,5,-16.473867,-152.2525,2021-03-03,2020-2021,7.53333333333333,6.15861111111111,1.3747222222222195
French Polynesia,Maupiti,Petit lagon bleu,Lagoon,5,-16.473867,-152.2525,2021-04-02,2020-2021,7.58333333333333,6.25222222222222,1.3311111111111105
French Polynesia,Apataki,Apataki 1,Lagoon,5,-15.5678,-146.41099,2022-04-21,2021-2022,7.46666666666667,5.9,1.56666666666667
French Polynesia,Bora Bora,Ame,Lagoon,2,-16.524429,-151.739351,2021-10-25,2021-2022,7.46666666666667,5.53333333333333,1.9333333333333407
French Polynesia,Bora Bora,Pointe raititi,Lagoon,2,-16.53283,-151.747537,2021-10-25,2021-2022,7.25,5.53333333333333,1.7166666666666703
French Polynesia,Bora Bora,Motu toopua,Lagoon,2,-16.523532,-151.77181,2021-11-23,2021-2022,7,5.4,1.5999999999999996
French Polynesia,Bora Bora,Pointe taihi,Lagoon,2,-16.465298,-151.743954,2021-11-23,2021-2022,6.83333333333333,5.4,1.43333333333333
French Polynesia,Bora Bora,Ame,Lagoon,2,-16.524429,-151.739351,2021-11-23,2021-2022,6.8,5.4,1.3999999999999995
French Polynesia,Bora Bora,Bora 1,Lagoon,5,-16.52854,-151.74528,2021-11-23,2021-2022,6.78333333333333,5.4,1.3833333333333293
French Polynesia,Bora Bora,Motu toopua,Lagoon,2,-16.523532,-151.77181,2021-12-23,2021-2022,7.03333333333333,5.53333333333333,1.5
French Polynesia,Bora Bora,Ame,Lagoon,2,-16.524429,-151.739351,2021-12-23,2021-2022,6.83333333333333,5.53333333333333,1.3000000000000007
French Polynesia,Bora Bora,Bora 3,Lagoon,5,-16.49045,-151.7112,2021-12-23,2021-2022,6.93333333333333,5.53333333333333,1.4000000000000004
French Polynesia,Huahine,Avea,Lagoon,2,-16.81256,-150.98961,2021-12-23,2021-2022,7.18333333333333,5.48333333333333,1.7000000000000002
French Polynesia,Huahine,Motu vaiorea,Lagoon,2,-16.77866,-151.03162,2021-12-23,2021-2022,7.16666666666667,5.48333333333333,1.6833333333333398
French Polynesia,Maupiti,Petit lagon bleu,Lagoon,5,-16.473867,-152.2525,2021-11-23,2021-2022,6.9,5.43333333333333,1.4666666666666703
French Polynesia,Maupiti,Motu paeao,Lagoon,2,-16.42228,-152.26228,2021-12-23,2021-2022,7,5.58333333333333,1.4166666666666696
French Polynesia,Maupiti,Motu paeao,Lagoon,2,-16.42228,-152.26228,2022-01-22,2021-2022,7.35,5.86666666666667,1.4833333333333298
French Polynesia,Moorea,Maharepa 2,Lagoon,2,-17.479639,-149.796028,2021-10-25,2021-2022,7.33333333333333,5.38333333333333,1.9500000000000002
French Polynesia,Moorea,Tiki village 2,Lagoon,2,-17.52941,-149.91064,2021-10-25,2021-2022,7.38333333333333,5.38333333333333,2
French Polynesia,Moorea,Haapiti 2,Lagoon,2,-17.51619,-149.9135,2021-11-23,2021-2022,7.03333333333333,5.23333333333333,1.7999999999999998
French Polynesia,Moorea,Teavaro,Lagoon,2,-17.5095,-149.76783,2021-11-23,2021-2022,6.83333333333333,5.23333333333333,1.6000000000000005
French Polynesia,Moorea,Temae,Lagoon,2,-17.4982,-149.75599,2021-12-23,2021-2022,7.16666666666667,5.38333333333333,1.7833333333333394
French Polynesia,Moorea,Temae,Lagoon,2,-17.4982,-149.75599,2021-12-23,2021-2022,7.13333333333333,5.38333333333333,1.75
French Polynesia,Moorea,Opunohu 1,Outer slope,30,-17.48369,-149.85802,2021-12-23,2021-2022,10.1666666666667,5.38333333333333,4.78333333333337
French Polynesia,Moorea,Linareva,Lagoon,2,-17.54952,-149.88688,2021-12-23,2021-2022,6.9,5.38333333333333,1.5166666666666702
French Polynesia,Moorea,Opunohu 1,Outer slope,30,-17.48369,-149.85802,2021-12-23,2021-2022,10.133333333333301,5.38333333333333,4.749999999999971
French Polynesia,Moorea,Maharepa 5,Lagoon,2,-17.47989,-149.80292,2021-12-23,2021-2022,7,5.38333333333333,1.6166666666666698
French Polynesia,Moorea,Maatea,Lagoon,2,-17.58294,-149.7984,2021-12-23,2021-2022,7.03333333333333,5.38333333333333,1.6499999999999995
French Polynesia,Moorea,Atiha 2,Lagoon,2,-17.58276,-149.85377,2022-02-21,2021-2022,7.63333333333333,5.93333333333333,1.7000000000000002
French Polynesia,Moorea,Tiki village 2,Lagoon,2,-17.52941,-149.91064,2022-02-21,2021-2022,8.05,5.93333333333333,2.1166666666666707
French Polynesia,Raiatea,Apooiti,Lagoon,5,-16.72594,-151.49312,2021-11-23,2021-2022,6.98333333333333,5.36666666666667,1.61666666666666
French Polynesia,Raiatea,Apooiti,Lagoon,5,-16.72594,-151.49312,2021-12-23,2021-2022,7.06666666666667,5.5,1.56666666666667
French Polynesia,Rangiroa,Aquarium,Lagoon,5,-14.97658,-147.63403,2021-10-25,2021-2022,7.18333333333333,5.28333333333333,1.9000000000000004
French Polynesia,Rangiroa,Aquarium,Lagoon,5,-14.97658,-147.63403,2021-11-23,2021-2022,6.9,5.16666666666667,1.7333333333333307
French Polynesia,Rangiroa,Aquarium,Lagoon,5,-14.97658,-147.63403,2021-12-23,2021-2022,6.88333333333333,5.31666666666667,1.5666666666666602
French Polynesia,Rangiroa,Aquarium,Lagoon,5,-14.97658,-147.63403,2021-12-23,2021-2022,6.93333333333333,5.31666666666667,1.61666666666666
French Polynesia,Rangiroa,Aquarium,Lagoon,5,-14.97658,-147.63403,2021-12-23,2021-2022,6.93333333333333,5.31666666666667,1.61666666666666
French Polynesia,Tahiti,Punaauia PK 16-2,Lagoon,2,-17.6421,-149.61367,2021-11-23,2021-2022,6.95,5.21666666666667,1.7333333333333298
French Polynesia,Tahiti,Pointe Venus 2,Lagoon,2,-17.49445,-149.49154,2021-11-23,2021-2022,7.11666666666667,5.21666666666667,1.8999999999999995
French Polynesia,Tahiti,Arue 1,Lagoon,2,-17.521578,-149.525519,2021-11-23,2021-2022,6.68333333333333,5.21666666666667,1.4666666666666597
French Polynesia,Tahiti,Vairao 1,Lagoon,2,-17.806149,-149.295217,2021-11-23,2021-2022,6.75,5.21666666666667,1.5333333333333297
French Polynesia,Tahiti,Pointe Venus,Lagoon,2,-17.494471,-149.492953,2021-11-23,2021-2022,6.85,5.21666666666667,1.6333333333333293
French Polynesia,Tahiti,Faaa 1,Lagoon,2,-17.549422,-149.618505,2021-11-23,2021-2022,7.41666666666667,5.21666666666667,2.1999999999999993
French Polynesia,Tahiti,Tautira,Lagoon,2,-17.746148,-149.155152,2021-12-23,2021-2022,6.71666666666667,5.35,1.3666666666666707
French Polynesia,Tahiti,Punaauia PK 16,Lagoon,2,-17.64264,-149.61034,2021-12-23,2021-2022,6.83333333333333,5.35,1.4833333333333307
French Polynesia,Tahiti,Arue 2,Lagoon,2,-17.521577,-149.540048,2021-12-23,2021-2022,7.23333333333333,5.35,1.8833333333333302
French Polynesia,Tahiti,Punaauia PK 19,Lagoon,2,-17.66428,-149.59667,2021-12-23,2021-2022,6.75,5.35,1.4000000000000004
French Polynesia,Tahiti,Punaauia PK 18,Lagoon,2,-17.661567,-149.597767,2021-12-23,2021-2022,6.73333333333333,5.35,1.3833333333333302
French Polynesia,Tahiti,Arue 1,Lagoon,2,-17.521578,-149.525519,2021-12-23,2021-2022,6.78333333333333,5.35,1.43333333333333
French Polynesia,Tahiti,Paea 1,Lagoon,2,-17.703985,-149.587384,2021-12-23,2021-2022,6.83333333333333,5.35,1.4833333333333307
French Polynesia,Tahiti,Vairao 1,Lagoon,2,-17.806149,-149.295217,2021-12-23,2021-2022,6.66666666666667,5.35,1.31666666666667
French Polynesia,Tahiti,Pointe Venus,Lagoon,2,-17.494471,-149.492953,2021-12-23,2021-2022,6.73333333333333,5.35,1.3833333333333302
French Polynesia,Tahiti,Punaauia PK 19,Lagoon,2,-17.66428,-149.59667,2021-12-23,2021-2022,6.83333333333333,5.35,1.4833333333333307
French Polynesia,Tahiti,Paea 2,Lagoon,2,-17.731833,-149.586865,2021-12-23,2021-2022,6.83333333333333,5.35,1.4833333333333307
French Polynesia,Tahiti,Punaauia PK 18,Lagoon,2,-17.661567,-149.597767,2022-01-22,2021-2022,7.25,5.65,1.5999999999999996
French Polynesia,Tahiti,Paea 1,Lagoon,2,-17.703985,-149.587384,2022-01-22,2021-2022,7.25,5.65,1.5999999999999996
French Polynesia,Tahiti,Vairao 1,Lagoon,2,-17.806149,-149.295217,2022-01-22,2021-2022,7.1,5.65,1.4499999999999993
French Polynesia,Tahiti,Paea 3,Lagoon,2,-17.73413,-149.5842,2022-01-22,2021-2022,7.41666666666667,5.65,1.7666666666666693
French Polynesia,Tahiti,Punaauia PK 19,Lagoon,2,-17.66428,-149.59667,2022-01-22,2021-2022,7.23333333333333,5.65,1.5833333333333295
French Polynesia,Tahiti,Punaauia PK 18,Lagoon,2,-17.661567,-149.597767,2022-02-21,2021-2022,7.53333333333333,5.9,1.6333333333333293
French Polynesia,Tahiti,Vairao 1,Lagoon,2,-17.806149,-149.295217,2022-02-21,2021-2022,7.45,5.9,1.5499999999999998
French Polynesia,Tahiti,Punaauia PK 19,Lagoon,2,-17.66428,-149.59667,2022-02-21,2021-2022,7.58333333333333,5.9,1.68333333333333
French Polynesia,Tahiti,Paea 1,Lagoon,2,-17.703985,-149.587384,2022-03-22,2021-2022,7.58333333333333,6.03333333333333,1.5500000000000007
French Polynesia,Tahiti,Vairao 1,Lagoon,2,-17.806149,-149.295217,2022-03-22,2021-2022,7.46666666666667,6.03333333333333,1.4333333333333407
French Polynesia,Tahiti,Orofero,Lagoon,2,-17.68614,-149.58771,2022-03-23,2021-2022,7.8,6.03333333333333,1.7666666666666702
French Polynesia,Tetiaroa,Auroa,Lagoon,2,-16.98835,-149.56155,2021-12-23,2021-2022,7.1,5.38333333333333,1.7166666666666694
French Polynesia,Tahiti,Punaauia PK 18,Lagoon,2,-17.661567,-149.597767,2022-10-14,2022-2023,7.45,5.5,1.9500000000000002
French Polynesia,Tahiti,Punaauia PK 19,Lagoon,2,-17.66428,-149.59667,2022-10-14,2022-2023,7.58333333333333,5.5,2.0833333333333304
French Polynesia,Moorea,Maatea 2,Lagoon,2,-17.57807,-149.7966928,2022-10-14,2022-2023,7.61666666666667,5.51666666667,2.09999999999667
French Polynesia,Moorea,Maharepa 2,Lagoon,2,-17.479639,-149.796028,2022-10-14,2022-2023,7.36666666666667,5.51666666667,1.8499999999966699
French Polynesia,Moorea,Tiki village 2,Lagoon,2,-17.52941,-149.91064,2022-10-14,2022-2023,7.48333333333333,5.51666666667,1.96666666666333
French Polynesia,Tahiti,Faaa 3,Lagoon,2,-17.5422103,-149.6119529,2022-10-14,2022-2023,7.58333333333333,5.5,2.0833333333333304
French Polynesia,Tahiti,Vairao 1,Lagoon,2,-17.806149,-149.295217,2022-11-13,2022-2023,7.41666666666667,5.21666666667,2.1999999999966695
French Polynesia,Tahiti,Punaauia PK 16-4,Lagoon,2,-17.6414579,-149.6092526,2022-11-13,2022-2023,7.65,5.25,2.4000000000000004
French Polynesia,Bora Bora,Ame,Lagoon,2,-16.524429,-151.739351,2022-11-13,2022-2023,7.2,5.41666666667,1.7833333333299999
French Polynesia,Moorea,Papetoai 1,Lagoon,2,-17.4887203,-149.8776437,2022-11-13,2022-2023,7.16666666666667,5.26666666667,1.8999999999966697
French Polynesia,Moorea,Petit village,Lagoon,2,-17.4973883,-149.9154404,2022-11-13,2022-2023,7.13333333333333,5.26666666667,1.8666666666633303
French Polynesia,Raiatea,Raiatea 1,Lagoon,2,-16.7427896,-151.4850261,2022-11-13,2022-2023,7.33333333333333,5.38333333333,1.95000000000333
French Polynesia,Tahiti,Punaauia PK 16-4,Lagoon,2,-17.6414579,-149.6092526,2022-12-12,2022-2023,7.1,5.28333333333,1.8166666666699998
French Polynesia,Rangiroa,Aquarium,Lagoon,5,-14.97658,-147.63403,2022-12-12,2022-2023,7,5.2,1.7999999999999998
French Polynesia,Moorea,Tiki village 2,Lagoon,2,-17.52941,-149.91064,2022-12-12,2022-2023,7.38333333333333,5.3,2.0833333333333304
French Polynesia,Moorea,Papetoai 1,Lagoon,2,-17.4887203,-149.8776437,2022-12-12,2022-2023,7.03333333333333,5.3,1.7333333333333298
French Polynesia,Tahiti,Vairao 1,Lagoon,2,-17.806149,-149.295217,2022-12-12,2022-2023,6.88333333333333,5.25,1.6333333333333302
French Polynesia,Bora Bora,Ame,Lagoon,2,-16.524429,-151.739351,2022-12-12,2022-2023,7.1,5.45,1.6499999999999995
French Polynesia,Mopelia,Mopelia 1,Lagoon,5,-16.8279476,-153.927425,2022-12-12,2022-2023,7.21666666666667,5.58333333333,1.6333333333366706
French Polynesia,Takapoto,Marina,Outer slope,30,-14.70702,-145.2529946,2022-12-12,2022-2023,10.25,5.08333333333,5.16666666667
Fiji,Viti Levu,Fiji 1,Lagoon,2,-18.207081,177.6900437,2022-12-12,2022-2023,7.5,5.41666666667,2.0833333333299997
French Polynesia,Tikehau,Lagon 1,Lagoon,5,-15.0825675,-148.222429,2023-01-11,2022-2023,7.05,5.53333333333,1.51666666667
French Polynesia,Tahiti,Pointe Venus,Lagoon,2,-17.494471,-149.492953,2023-01-11,2022-2023,7.06666666666667,5.55,1.5166666666666702
French Polynesia,Rangiroa,Aquarium,Lagoon,5,-14.97658,-147.63403,2023-01-11,2022-2023,7.03333333333333,5.48333333333,1.5500000000033296
French Polynesia,Takapoto,Marina,Outer slope,30,-14.70702,-145.2529946,2023-01-11,2022-2023,10.25,5.33333333333,4.91666666667
French Polynesia,Tahiti,Vairao 1,Lagoon,2,-17.806149,-149.295217,2023-01-11,2022-2023,6.91666666666667,5.51666666667,1.3999999999966697
French Polynesia,Tahiti,Vairao 4,Channel,20,-17.806149,-149.295217,2023-01-11,2022-2023,10.5,5.51666666667,4.98333333333
French Polynesia,Tetiaroa,Lagon 2,Lagoon,2,-17.0030453,-149.589993,2023-01-11,2022-2023,7.4,5.56666666667,1.8333333333300006
French Polynesia,Tahiti,Vairao 1,Lagoon,2,-17.806149,-149.295217,2023-01-12,2022-2023,7.05,5.53333333333,1.51666666667
French Polynesia,Bora Bora,Ame,Lagoon,2,-16.524429,-151.739351,2023-01-11,2022-2023,7.05,5.71666666667,1.3333333333299997
French Polynesia,Moorea,Papetoai 1,Lagoon,2,-17.4887203,-149.8776437,2023-01-11,2022-2023,7.06666666666667,5.56666666667,1.4999999999966702
French Polynesia,Moorea,Opunohu 1,Outer slope,30,-17.48369,-149.85802,2023-01-11,2022-2023,10.1666666666667,5.56666666667,4.5999999999967
French Polynesia,Raiatea,Raiatea 1,Lagoon,2,-16.7427896,-151.4850261,2023-01-11,2022-2023,7.08333333333333,5.68333333333,1.4000000000033301
Fiji,Viti Levu,Fiji 1,Lagoon,2,-18.207081,177.6900437,2023-01-12,2022-2023,7.33333333333333,5.7,1.6333333333333302
French Polynesia,Tahiti,Teahupoo,Lagoon,2,-17.8576819,-149.2636551,2023-01-11,2022-2023,7.08333333333333,5.51666666667,1.5666666666633304
Reunion Island,Reunion,Saint-leu,Lagoon,2,-21.180983,55.286096,2023-01-12,2022-2023,7.4,5.78333333333,1.6166666666700005
French Polynesia,Tahiti,Punaauia PK 16-4,Lagoon,2,-17.6414579,-149.6092526,2023-02-10,2022-2023,7.53333333333333,5.83333333333,1.70000000000333
French Polynesia,Moorea,Papetoai 1,Lagoon,2,-17.4887203,-149.8776437,2023-02-10,2022-2023,7.3,5.85,1.4500000000000002
French Polynesia,Moorea,Opunohu 1,Outer slope,30,-17.48369,-149.85802,2023-02-10,2022-2023,10.5,5.85,4.65
French Polynesia,Tahiti,Pueu,Outer slope,30,-17.71771,-149.269529,2023-02-10,2022-2023,10.6833333333333,5.8,4.8833333333333
French Polynesia,Takapoto,Marina,Outer slope,30,-14.70702,-145.2529946,2023-02-10,2022-2023,10.7166666666667,5.6,5.116666666666701
French Polynesia,Tahaa,Baie tapuamu,Lagoon,2,-16.6091248,-151.5479303,2023-02-10,2022-2023,7.33333333333333,5.98333333333,1.3500000000033303
French Polynesia,Moorea,Maharepa 2,Lagoon,2,-17.479639,-149.796028,2023-02-10,2022-2023,7.25,5.85,1.4000000000000004
French Polynesia,Tahiti,Vairao 1,Lagoon,2,-17.806149,-149.295217,2023-02-10,2022-2023,7.23333333333333,5.8,1.43333333333333
French Polynesia,Moorea,Papetoai 1,Lagoon,2,-17.4887203,-149.8776437,2023-03-12,2022-2023,7.5,6.01666666667,1.48333333333
French Polynesia,Tahiti,Punaauia PK 16-5,Lagoon,2,-17.6440292,-149.6085476,2023-03-12,2022-2023,7.58333333333333,6,1.5833333333333304
French Polynesia,Moorea,Tiki village 2,Lagoon,2,-17.52941,-149.91064,2023-03-12,2022-2023,7.65,6.01666666667,1.6333333333300004
French Polynesia,Tahiti,Punaauia PK 17,Lagoon,2,-17.6479864,-149.6068337,2023-03-12,2022-2023,7.5,6,1.5
French Polynesia,Tahiti,Punaauia PK 16-4,Lagoon,2,-17.6414579,-149.6092526,2023-03-12,2022-2023,7.55,6,1.5499999999999998
French Polynesia,Tahiti,Punaauia PK 18,Lagoon,2,-17.661567,-149.597767,2023-04-10,2022-2023,7.56666666666667,6.1,1.4666666666666703
French Polynesia,Tahaa,Baie tapuamu,Lagoon,2,-16.6091248,-151.5479303,2023-04-10,2022-2023,7.75,6.21666666667,1.5333333333299999
French Polynesia,Tahiti,Vairao 1,Lagoon,2,-17.806149,-149.295217,2023-04-10,2022-2023,7.53333333333333,6.08333333333,1.45000000000333
French Polynesia,Rangiroa,Aquarium,Lagoon,5,-14.97658,-147.63403,2023-04-10,2022-2023,7.58333333333333,5.95,1.6333333333333302
