site;date;day;month;year;number;unique.number;sex;spawning;time.h;time.end.h;time;time.end;sunrise;start.time.to.sunrise;sst
Vairao;25/10/2021;25;10;2021;1;Vairao1;MALE;NO;NA;NA;NA;NA;5.35;NA;26.8499932963401
Vairao;25/10/2021;25;10;2021;2;Vairao2;FEMALE;NO;NA;NA;NA;NA;5.35;NA;26.8499932963401
Vairao;25/10/2021;25;10;2021;3;Vairao3;FEMALE;NO;NA;NA;NA;NA;5.35;NA;26.8499932963401
Vairao;25/10/2021;25;10;2021;4;Vairao4;FEMALE;NO;NA;NA;NA;NA;5.35;NA;26.8499932963401
Vairao;25/10/2021;25;10;2021;5;Vairao5;UNKNOWN;NO;NA;NA;NA;NA;5.35;NA;26.8499932963401
Vairao;25/10/2021;25;10;2021;6;Vairao6;MALE;NO;NA;NA;NA;NA;5.35;NA;26.8499932963401
Vairao;25/10/2021;25;10;2021;7;Vairao7;MALE;NO;NA;NA;NA;NA;5.35;NA;26.8499932963401
Vairao;25/10/2021;25;10;2021;8;Vairao8;MALE;NO;NA;NA;NA;NA;5.35;NA;26.8499932963401
Vairao;25/10/2021;25;10;2021;9;Vairao9;MALE;NO;NA;NA;NA;NA;5.35;NA;26.8499932963401
Vairao;25/10/2021;25;10;2021;10;Vairao10;UNKNOWN;NO;NA;NA;NA;NA;5.35;NA;26.8499932963401
Vairao;25/10/2021;25;10;2021;11;Vairao11;FEMALE;NO;NA;NA;NA;NA;5.35;NA;26.8499932963401
Vairao;25/10/2021;25;10;2021;12;Vairao12;MALE;NO;NA;NA;NA;NA;5.35;NA;26.8499932963401
Vairao;25/10/2021;25;10;2021;13;Vairao13;FEMALE;NO;NA;NA;NA;NA;5.35;NA;26.8499932963401
Vairao;25/10/2021;25;10;2021;14;Vairao14;FEMALE;NO;NA;NA;NA;NA;5.35;NA;26.8499932963401
Vairao;25/10/2021;25;10;2021;15;Vairao15;FEMALE;NO;NA;NA;NA;NA;5.35;NA;26.8499932963401
Vairao;25/10/2021;25;10;2021;16;Vairao16;FEMALE;NO;NA;NA;NA;NA;5.35;NA;26.8499932963401
Vairao;25/10/2021;25;10;2021;17;Vairao17;MALE;NO;NA;NA;NA;NA;5.35;NA;26.8499932963401
Vairao;25/10/2021;25;10;2021;18;Vairao18;FEMALE;NO;NA;NA;NA;NA;5.35;NA;26.8499932963401
Vairao;25/10/2021;25;10;2021;19;Vairao19;FEMALE;NO;NA;NA;NA;NA;5.35;NA;26.8499932963401
Vairao;25/10/2021;25;10;2021;20;Vairao20;MALE;NO;NA;NA;NA;NA;5.35;NA;26.8499932963401
Vairao;25/10/2021;25;10;2021;21;Vairao21;FEMALE;NO;NA;NA;NA;NA;5.35;NA;26.8499932963401
Vairao;25/10/2021;25;10;2021;22;Vairao22;MALE;NO;NA;NA;NA;NA;5.35;NA;26.8499932963401
Vairao;25/10/2021;25;10;2021;23;Vairao23;FEMALE;NO;NA;NA;NA;NA;5.35;NA;26.8499932963401
Vairao;25/10/2021;25;10;2021;24;Vairao24;FEMALE;NO;NA;NA;NA;NA;5.35;NA;26.8499932963401
Vairao;25/10/2021;25;10;2021;25;Vairao25;MALE;NO;NA;NA;NA;NA;5.35;NA;26.8499932963401
Vairao;25/10/2021;25;10;2021;26;Vairao26;MALE;NO;NA;NA;NA;NA;5.35;NA;26.8499932963401
Vairao;25/10/2021;25;10;2021;27;Vairao27;FEMALE;NO;NA;NA;NA;NA;5.35;NA;26.8499932963401
Vairao;25/10/2021;25;10;2021;28;Vairao28;MALE;NO;NA;NA;NA;NA;5.35;NA;26.8499932963401
Vairao;25/10/2021;25;10;2021;29;Vairao29;FEMALE;NO;NA;NA;NA;NA;5.35;NA;26.8499932963401
Vairao;25/10/2021;25;10;2021;30;Vairao30;UNKNOWN;NO;NA;NA;NA;NA;5.35;NA;26.8499932963401
Pointe_Venus;25/10/2021;25;10;2021;1;Pointe_Venus1;;NO;NA;NA;NA;NA;5.3666667;NA;26.9899932932109
Pointe_Venus;25/10/2021;25;10;2021;2;Pointe_Venus2;;NO;NA;NA;NA;NA;5.3666667;NA;26.9899932932109
Pointe_Venus;25/10/2021;25;10;2021;3;Pointe_Venus3;;NO;NA;NA;NA;NA;5.3666667;NA;26.9899932932109
Pointe_Venus;25/10/2021;25;10;2021;4;Pointe_Venus4;;NO;NA;NA;NA;NA;5.3666667;NA;26.9899932932109
Pointe_Venus;25/10/2021;25;10;2021;5;Pointe_Venus5;;NO;NA;NA;NA;NA;5.3666667;NA;26.9899932932109
Pointe_Venus;25/10/2021;25;10;2021;6;Pointe_Venus6;;NO;NA;NA;NA;NA;5.3666667;NA;26.9899932932109
Pointe_Venus;25/10/2021;25;10;2021;7;Pointe_Venus7;;NO;NA;NA;NA;NA;5.3666667;NA;26.9899932932109
Pointe_Venus;25/10/2021;25;10;2021;8;Pointe_Venus8;;NO;NA;NA;NA;NA;5.3666667;NA;26.9899932932109
Pointe_Venus;25/10/2021;25;10;2021;9;Pointe_Venus9;;NO;NA;NA;NA;NA;5.3666667;NA;26.9899932932109
Pointe_Venus;25/10/2021;25;10;2021;10;Pointe_Venus10;;NO;NA;NA;NA;NA;5.3666667;NA;26.9899932932109
Pointe_Venus;25/10/2021;25;10;2021;11;Pointe_Venus11;;NO;NA;NA;NA;NA;5.3666667;NA;26.9899932932109
Pointe_Venus;25/10/2021;25;10;2021;12;Pointe_Venus12;;NO;NA;NA;NA;NA;5.3666667;NA;26.9899932932109
Pointe_Venus;25/10/2021;25;10;2021;13;Pointe_Venus13;;NO;NA;NA;NA;NA;5.3666667;NA;26.9899932932109
Pointe_Venus;25/10/2021;25;10;2021;14;Pointe_Venus14;;NO;NA;NA;NA;NA;5.3666667;NA;26.9899932932109
Pointe_Venus;25/10/2021;25;10;2021;15;Pointe_Venus15;;NO;NA;NA;NA;NA;5.3666667;NA;26.9899932932109
Pointe_Venus;25/10/2021;25;10;2021;16;Pointe_Venus16;;NO;NA;NA;NA;NA;5.3666667;NA;26.9899932932109
Pointe_Venus;25/10/2021;25;10;2021;17;Pointe_Venus17;;NO;NA;NA;NA;NA;5.3666667;NA;26.9899932932109
Pointe_Venus;25/10/2021;25;10;2021;18;Pointe_Venus18;;NO;NA;NA;NA;NA;5.3666667;NA;26.9899932932109
Pointe_Venus;25/10/2021;25;10;2021;19;Pointe_Venus19;;NO;NA;NA;NA;NA;5.3666667;NA;26.9899932932109
Pointe_Venus;25/10/2021;25;10;2021;20;Pointe_Venus20;MALE;YES;7.24;NA;7.4;NA;5.3666667;2.0333333;26.9899932932109
Pointe_Venus;25/10/2021;25;10;2021;21;Pointe_Venus21;MALE;YES;7.34;7.39;7.566666667;7.65;5.3666667;2.199999967;26.9899932932109
Pointe_Venus;25/10/2021;25;10;2021;22;Pointe_Venus22;MALE;YES;7.34;7.39;7.566666667;7.65;5.3666667;2.199999967;26.9899932932109
Maatea;25/10/2021;25;10;2021;1;Maatea1;UNKNOWN;NO;NA;NA;NA;NA;5.3833333;NA;26.949993294105
Maatea;25/10/2021;25;10;2021;2;Maatea2;UNKNOWN;NO;NA;NA;NA;NA;5.3833333;NA;26.949993294105
Maatea;25/10/2021;25;10;2021;3;Maatea3;UNKNOWN;NO;NA;NA;NA;NA;5.3833333;NA;26.949993294105
Maatea;25/10/2021;25;10;2021;4;Maatea4;UNKNOWN;NO;NA;NA;NA;NA;5.3833333;NA;26.949993294105
Maatea;25/10/2021;25;10;2021;5;Maatea5;UNKNOWN;NO;NA;NA;NA;NA;5.3833333;NA;26.949993294105
Maatea;25/10/2021;25;10;2021;6;Maatea6;UNKNOWN;NO;NA;NA;NA;NA;5.3833333;NA;26.949993294105
Maatea;25/10/2021;25;10;2021;7;Maatea7;UNKNOWN;NO;NA;NA;NA;NA;5.3833333;NA;26.949993294105
Maatea;25/10/2021;25;10;2021;8;Maatea8;UNKNOWN;NO;NA;NA;NA;NA;5.3833333;NA;26.949993294105
Maatea;25/10/2021;25;10;2021;9;Maatea9;UNKNOWN;NO;NA;NA;NA;NA;5.3833333;NA;26.949993294105
Maatea;25/10/2021;25;10;2021;10;Maatea10;UNKNOWN;NO;NA;NA;NA;NA;5.3833333;NA;26.949993294105
Vairao;23/11/2021;23;11;2021;1;Vairao1;MALE;YES;6.48;NA;6.8;NA;5.2;1.6;27.3799932844937
Vairao;23/11/2021;23;11;2021;2;Vairao2;UNKNOWN;NO;NA;NA;NA;NA;5.2;NA;27.3799932844937
Vairao;23/11/2021;23;11;2021;3;Vairao3;FEMALE;NO;NA;NA;NA;NA;5.2;NA;27.3799932844937
Vairao;23/11/2021;23;11;2021;4;Vairao4;FEMALE;YES;7.19;NA;7.316666667;NA;5.2;2.116666667;27.3799932844937
Vairao;23/11/2021;23;11;2021;5;Vairao5;UNKNOWN;NO;NA;NA;NA;NA;5.2;NA;27.3799932844937
Vairao;23/11/2021;23;11;2021;6;Vairao6;MALE;YES;6.49;NA;6.816666667;NA;5.2;1.616666667;27.3799932844937
Vairao;23/11/2021;23;11;2021;7;Vairao7;UNKNOWN;NO;NA;NA;NA;NA;5.2;NA;27.3799932844937
Vairao;23/11/2021;23;11;2021;8;Vairao8;MALE;YES;7.09;NA;7.15;NA;5.2;1.95;27.3799932844937
Vairao;23/11/2021;23;11;2021;9;Vairao9;MALE;YES;6.45;NA;6.75;NA;5.2;1.55;27.3799932844937
Vairao;23/11/2021;23;11;2021;10;Vairao10;UNKNOWN;NO;NA;NA;NA;NA;5.2;NA;27.3799932844937
Vairao;23/11/2021;23;11;2021;11;Vairao11;FEMALE;YES;7.28;NA;7.466666667;NA;5.2;2.266666667;27.3799932844937
Vairao;23/11/2021;23;11;2021;12;Vairao12;UNKNOWN;NO;NA;NA;NA;NA;5.2;NA;27.3799932844937
Vairao;23/11/2021;23;11;2021;13;Vairao13;FEMALE;NO;NA;NA;NA;NA;5.2;NA;27.3799932844937
Vairao;23/11/2021;23;11;2021;14;Vairao14;FEMALE;YES;7.42;NA;7.7;NA;5.2;2.5;27.3799932844937
Vairao;23/11/2021;23;11;2021;15;Vairao15;FEMALE;YES;7.26;NA;7.433333333;NA;5.2;2.233333333;27.3799932844937
Vairao;23/11/2021;23;11;2021;16;Vairao16;FEMALE;NO;NA;NA;NA;NA;5.2;NA;27.3799932844937
Vairao;23/11/2021;23;11;2021;17;Vairao17;MALE;NO;NA;NA;NA;NA;5.2;NA;27.3799932844937
Vairao;23/11/2021;23;11;2021;18;Vairao18;FEMALE;YES;7.32;NA;7.533333333;NA;5.2;2.333333333;27.3799932844937
Vairao;23/11/2021;23;11;2021;19;Vairao19;FEMALE;YES;7.39;NA;7.65;NA;5.2;2.45;27.3799932844937
Vairao;23/11/2021;23;11;2021;20;Vairao20;MALE;YES;6.56;NA;6.933333333;NA;5.2;1.733333333;27.3799932844937
Vairao;23/11/2021;23;11;2021;21;Vairao21;FEMALE;YES;7.34;NA;7.566666667;NA;5.2;2.366666667;27.3799932844937
Vairao;23/11/2021;23;11;2021;22;Vairao22;MALE;NO;NA;NA;NA;NA;5.2;NA;27.3799932844937
Vairao;23/11/2021;23;11;2021;23;Vairao23;UNKNOWN;NO;NA;NA;NA;NA;5.2;NA;27.3799932844937
Vairao;23/11/2021;23;11;2021;24;Vairao24;FEMALE;YES;7.25;NA;7.416666667;NA;5.2;2.216666667;27.3799932844937
Vairao;23/11/2021;23;11;2021;25;Vairao25;MALE;YES;7.02;NA;7.033333333;NA;5.2;1.833333333;27.3799932844937
Vairao;23/11/2021;23;11;2021;26;Vairao26;UNKNOWN;NO;NA;NA;NA;NA;5.2;NA;27.3799932844937
Vairao;23/11/2021;23;11;2021;27;Vairao27;UNKNOWN;NO;NA;NA;NA;NA;5.2;NA;27.3799932844937
Vairao;23/11/2021;23;11;2021;28;Vairao28;MALE;YES;7.03;NA;7.05;NA;5.2;1.85;27.3799932844937
Vairao;23/11/2021;23;11;2021;29;Vairao29;FEMALE;NO;NA;NA;NA;NA;5.2;NA;27.3799932844937
Vairao;23/11/2021;23;11;2021;30;Vairao30;MALE;NO;NA;NA;NA;NA;5.2;NA;27.3799932844937
AME BORA BORA;23/11/2021;23;11;2021;1;AME BORA BORA1;UNKNOWN;NO;NA;NA;NA;NA;5.4;NA;27.9599932715297
AME BORA BORA;23/11/2021;23;11;2021;2;AME BORA BORA2;UNKNOWN;NO;NA;NA;NA;NA;5.4;NA;27.9599932715297
AME BORA BORA;23/11/2021;23;11;2021;3;AME BORA BORA3;MALE;YES;7.29;7.4;7.483333333;7.066666667;5.4;2.083333333;27.9599932715297
AME BORA BORA;23/11/2021;23;11;2021;4;AME BORA BORA4;MALE;YES;7.05;7.2;7.083333333;7.033333333;5.4;1.683333333;27.9599932715297
AME BORA BORA;23/11/2021;23;11;2021;5;AME BORA BORA5;MALE;YES;7.13;7.45;7.216666667;7.75;5.4;1.816666667;27.9599932715297
AME BORA BORA;23/11/2021;23;11;2021;6;AME BORA BORA6;UNKNOWN;NO;NA;NA;NA;NA;5.4;NA;27.9599932715297
AME BORA BORA;23/11/2021;23;11;2021;7;AME BORA BORA7;MALE;YES;7.16;7.42;7.266666667;7.7;5.4;1.866666667;27.9599932715297
AME BORA BORA;23/11/2021;23;11;2021;8;AME BORA BORA8;MALE;NO;NA;NA;NA;NA;5.4;NA;27.9599932715297
AME BORA BORA;23/11/2021;23;11;2021;9;AME BORA BORA9;UNKNOWN;NO;NA;NA;NA;NA;5.4;NA;27.9599932715297
AME BORA BORA;23/11/2021;23;11;2021;10;AME BORA BORA10;MALE;YES;7.21;7.51;7.35;7.85;5.4;1.95;27.9599932715297
AME BORA BORA;23/11/2021;23;11;2021;11;AME BORA BORA11;UNKNOWN;NO;NA;NA;NA;NA;5.4;NA;27.9599932715297
AME BORA BORA;23/11/2021;23;11;2021;12;AME BORA BORA12;UNKNOWN;NO;NA;NA;NA;NA;5.4;NA;27.9599932715297
AME BORA BORA;23/11/2021;23;11;2021;13;AME BORA BORA13;UNKNOWN;NO;NA;NA;NA;NA;5.4;NA;27.9599932715297
AME BORA BORA;23/11/2021;23;11;2021;14;AME BORA BORA14;UNKNOWN;NO;NA;NA;NA;NA;5.4;NA;27.9599932715297
AME BORA BORA;23/11/2021;23;11;2021;15;AME BORA BORA15;MALE;YES;7.3;7.5;7.05;7.083333333;5.4;1.65;27.9599932715297
AME BORA BORA;23/11/2021;23;11;2021;16;AME BORA BORA16;UNKNOWN;NO;NA;NA;NA;NA;5.4;NA;27.9599932715297
AME BORA BORA;23/11/2021;23;11;2021;17;AME BORA BORA17;UNKNOWN;NO;NA;NA;NA;NA;5.4;NA;27.9599932715297
AME BORA BORA;23/11/2021;23;11;2021;18;AME BORA BORA18;UNKNOWN;NO;NA;NA;NA;NA;5.4;NA;27.9599932715297
AME BORA BORA;23/11/2021;23;11;2021;19;AME BORA BORA19;MALE;YES;7.1;7.27;7.016666667;7.45;5.4;1.616666667;27.9599932715297
AME BORA BORA;23/11/2021;23;11;2021;20;AME BORA BORA20;UNKNOWN;NO;NA;NA;NA;NA;5.4;NA;27.9599932715297
Pointe_Venus;23/11/2021;23;11;2021;1;Pointe_Venus1;FEMALE;YES;7.2;NA;7.333333333;NA;5.2166667;2.116666633;27.6699932780117
Pointe_Venus;23/11/2021;23;11;2021;2;Pointe_Venus2;UNKNOWN;NO;NA;NA;NA;NA;5.2166667;NA;27.6699932780117
Pointe_Venus;23/11/2021;23;11;2021;3;Pointe_Venus3;FEMALE;YES;7.11;NA;7.183333333;NA;5.2166667;1.966666633;27.6699932780117
Pointe_Venus;23/11/2021;23;11;2021;4;Pointe_Venus4;FEMALE;YES;7.11;NA;7.183333333;NA;5.2166667;1.966666633;27.6699932780117
Pointe_Venus;23/11/2021;23;11;2021;5;Pointe_Venus5;MALE;YES;7.07;NA;7.116666667;NA;5.2166667;1.899999967;27.6699932780117
Pointe_Venus;23/11/2021;23;11;2021;6;Pointe_Venus6;UNKNOWN;NO;NA;NA;NA;NA;5.2166667;NA;27.6699932780117
Pointe_Venus;23/11/2021;23;11;2021;7;Pointe_Venus7;FEMALE;YES;7.11;NA;7.183333333;NA;5.2166667;1.966666633;27.6699932780117
Pointe_Venus;23/11/2021;23;11;2021;8;Pointe_Venus8;UNKNOWN;NO;NA;NA;NA;NA;5.2166667;NA;27.6699932780117
Pointe_Venus;23/11/2021;23;11;2021;9;Pointe_Venus9;UNKNOWN;NO;NA;NA;NA;NA;5.2166667;NA;27.6699932780117
Pointe_Venus;23/11/2021;23;11;2021;10;Pointe_Venus10;FEMALE;YES;7.16;NA;7.266666667;NA;5.2166667;2.049999967;27.6699932780117
Pointe_Venus;23/11/2021;23;11;2021;11;Pointe_Venus11;MALE;YES;6.51;NA;6.85;NA;5.2166667;1.6333333;27.6699932780117
Pointe_Venus;23/11/2021;23;11;2021;12;Pointe_Venus12;MALE;NO;NA;NA;NA;NA;5.2166667;NA;27.6699932780117
Pointe_Venus;23/11/2021;23;11;2021;13;Pointe_Venus13;UNKNOWN;YES;6.51;NA;6.85;NA;5.2166667;1.6333333;27.6699932780117
Pointe_Venus;23/11/2021;23;11;2021;14;Pointe_Venus14;UNKNOWN;NO;NA;NA;NA;NA;5.2166667;NA;27.6699932780117
Pointe_Venus;23/11/2021;23;11;2021;15;Pointe_Venus15;UNKNOWN;NO;NA;NA;NA;NA;5.2166667;NA;27.6699932780117
Pointe_Venus;23/11/2021;23;11;2021;16;Pointe_Venus16;UNKNOWN;NO;NA;NA;NA;NA;5.2166667;NA;27.6699932780117
Pointe_Venus;23/11/2021;23;11;2021;17;Pointe_Venus17;UNKNOWN;NO;NA;NA;NA;NA;5.2166667;NA;27.6699932780117
Pointe_Venus;23/11/2021;23;11;2021;18;Pointe_Venus18;UNKNOWN;NO;NA;NA;NA;NA;5.2166667;NA;27.6699932780117
Pointe_Venus;23/11/2021;23;11;2021;19;Pointe_Venus19;UNKNOWN;NO;NA;NA;NA;NA;5.2166667;NA;27.6699932780117
Pointe_Venus;23/11/2021;23;11;2021;20;Pointe_Venus20;MALE;NO;NA;NA;NA;NA;5.2166667;NA;27.6699932780117
Pointe_Venus;23/11/2021;23;11;2021;21;Pointe_Venus21;MALE;YES;6.51;NA;6.85;NA;5.2166667;1.6333333;27.6699932780117
Pointe_Venus;23/11/2021;23;11;2021;22;Pointe_Venus22;MALE;YES;6.51;NA;6.85;NA;5.2166667;1.6333333;27.6699932780117
Pointe_Venus;23/11/2021;23;11;2021;23;Pointe_Venus23;MALE;YES;6.51;NA;6.85;NA;5.2166667;1.6333333;27.6699932780117
Pointe_Venus;23/11/2021;23;11;2021;24;Pointe_Venus24;MALE;YES;6.51;NA;6.85;NA;5.2166667;1.6333333;27.6699932780117
Arue_TdR;23/11/2021;23;11;2021;1;Arue_TdR1;MALE;YES;6.49;NA;6.816666667;NA;5.2166667;1.599999967;27.5999932795763
Arue_TdR;23/11/2021;23;11;2021;2;Arue_TdR2;UNKNOWN;NO;NA;NA;NA;NA;5.2166667;NA;27.5999932795763
Arue_TdR;23/11/2021;23;11;2021;3;Arue_TdR3;UNKNOWN;NO;NA;NA;NA;NA;5.2166667;NA;27.5999932795763
Arue_TdR;23/11/2021;23;11;2021;4;Arue_TdR4;MALE;YES;6.41;NA;6.683333333;NA;5.2166667;1.466666633;27.5999932795763
Arue_TdR;23/11/2021;23;11;2021;5;Arue_TdR5;MALE;YES;6.42;NA;6.7;NA;5.2166667;1.4833333;27.5999932795763
Arue_TdR;23/11/2021;23;11;2021;6;Arue_TdR6;UNKNOWN;NO;NA;NA;NA;NA;5.2166667;NA;27.5999932795763
Arue_TdR;23/11/2021;23;11;2021;7;Arue_TdR7;UNKNOWN;NO;NA;NA;NA;NA;5.2166667;NA;27.5999932795763
Arue_TdR;23/11/2021;23;11;2021;8;Arue_TdR8;UNKNOWN;NO;NA;NA;NA;NA;5.2166667;NA;27.5999932795763
Arue_TdR;23/11/2021;23;11;2021;9;Arue_TdR9;MALE;YES;6.49;NA;6.816666667;NA;5.2166667;1.599999967;27.5999932795763
Arue_TdR;23/11/2021;23;11;2021;10;Arue_TdR10;UNKNOWN;NO;NA;NA;NA;NA;5.2166667;NA;27.5999932795763
Arue_TdR;23/11/2021;23;11;2021;11;Arue_TdR11;UNKNOWN;NO;NA;NA;NA;NA;5.2166667;NA;27.5999932795763
Arue_TdR;23/11/2021;23;11;2021;12;Arue_TdR12;UNKNOWN;NO;NA;NA;NA;NA;5.2166667;NA;27.5999932795763
Arue_TdR;23/11/2021;23;11;2021;13;Arue_TdR13;UNKNOWN;NO;NA;NA;NA;NA;5.2166667;NA;27.5999932795763
Arue_TdR;23/11/2021;23;11;2021;14;Arue_TdR14;UNKNOWN;NO;NA;NA;NA;NA;5.2166667;NA;27.5999932795763
Arue_TdR;23/11/2021;23;11;2021;15;Arue_TdR15;UNKNOWN;NO;NA;NA;NA;NA;5.2166667;NA;27.5999932795763
Arue_TdR;23/11/2021;23;11;2021;16;Arue_TdR16;MALE;YES;7.02;NA;7.033333333;NA;5.2166667;1.816666633;27.5999932795763
Arue_TdR;23/11/2021;23;11;2021;17;Arue_TdR17;MALE;YES;7.07;NA;7.116666667;NA;5.2166667;1.899999967;27.5999932795763
Arue_TdR;23/11/2021;23;11;2021;18;Arue_TdR18;UNKNOWN;NO;NA;NA;NA;NA;5.2166667;NA;27.5999932795763
Arue_TdR;23/11/2021;23;11;2021;19;Arue_TdR19;UNKNOWN;NO;NA;NA;NA;NA;5.2166667;NA;27.5999932795763
Arue_TdR;23/11/2021;23;11;2021;20;Arue_TdR20;UNKNOWN;NO;NA;NA;NA;NA;5.2166667;NA;27.5999932795763
Arue_TdR;23/11/2021;23;11;2021;21;Arue_TdR21;UNKNOWN;NOTCONTROLED;NA;NA;NA;NA;5.2166667;NA;27.5999932795763
Arue_TdR;23/11/2021;23;11;2021;22;Arue_TdR22;UNKNOWN;NOTCONTROLED;NA;NA;NA;NA;5.2166667;NA;27.5999932795763
Arue_TdR;23/11/2021;23;11;2021;23;Arue_TdR23;UNKNOWN;NOTCONTROLED;NA;NA;NA;NA;5.2166667;NA;27.5999932795763
Arue_TdR;23/11/2021;23;11;2021;24;Arue_TdR24;UNKNOWN;NOTCONTROLED;NA;NA;NA;NA;5.2166667;NA;27.5999932795763
Arue_TdR;23/11/2021;23;11;2021;25;Arue_TdR25;UNKNOWN;NOTCONTROLED;NA;NA;NA;NA;5.2166667;NA;27.5999932795763
Arue_TdR;23/11/2021;23;11;2021;26;Arue_TdR26;UNKNOWN;NOTCONTROLED;NA;NA;NA;NA;5.2166667;NA;27.5999932795763
Arue_TdR;23/11/2021;23;11;2021;27;Arue_TdR27;UNKNOWN;NOTCONTROLED;NA;NA;NA;NA;5.2166667;NA;27.5999932795763
Arue_TdR;23/11/2021;23;11;2021;28;Arue_TdR28;UNKNOWN;NOTCONTROLED;NA;NA;NA;NA;5.2166667;NA;27.5999932795763
Arue_TdR;23/11/2021;23;11;2021;29;Arue_TdR29;UNKNOWN;NOTCONTROLED;NA;NA;NA;NA;5.2166667;NA;27.5999932795763
Arue_TdR;23/11/2021;23;11;2021;30;Arue_TdR30;UNKNOWN;NOTCONTROLED;NA;NA;NA;NA;5.2166667;NA;27.5999932795763
Maatea;23/11/2021;23;11;2021;1;Maatea1;FEMALE?;YES;7.36;NA;7.6;NA;5.2333333;2.3666667;27.4299932833761
Maatea;23/11/2021;23;11;2021;2;Maatea2;FEMALE?;YES;7.36;NA;7.6;NA;5.2333333;2.3666667;27.4299932833761
Maatea;23/11/2021;23;11;2021;3;Maatea3;FEMALE?;YES;7.36;NA;7.6;NA;5.2333333;2.3666667;27.4299932833761
Maatea;23/11/2021;23;11;2021;4;Maatea4;MALE;YES;7.33;NA;7.55;NA;5.2333333;2.3166667;27.4299932833761
Maatea;23/11/2021;23;11;2021;5;Maatea5;MALE;YES;7.43;NA;7.716666667;NA;5.2333333;2.483333367;27.4299932833761
Maatea;23/11/2021;23;11;2021;6;Maatea6;UNKNOWN;NOTCONTROLED;NA;NA;NA;NA;5.2333333;NA;27.4299932833761
Maatea;23/11/2021;23;11;2021;7;Maatea7;UNKNOWN;NO;NA;NA;NA;NA;5.2333333;NA;27.4299932833761
Maatea;23/11/2021;23;11;2021;8;Maatea8;UNKNOWN;NO;NA;NA;NA;NA;5.2333333;NA;27.4299932833761
Maatea;23/11/2021;23;11;2021;9;Maatea9;UNKNOWN;NO;NA;NA;NA;NA;5.2333333;NA;27.4299932833761
Maatea;23/11/2021;23;11;2021;10;Maatea10;MALE;YES;7.08;NA;7.133333333;NA;5.2333333;1.900000033;27.4299932833761
Maatea;23/12/2021;23;12;2021;1;Maatea1;MALE ?;YES;7.12;NA;7.2;NA;5.3833333;1.8166667;28.3699932623655
Maatea;23/12/2021;23;12;2021;2;Maatea2;FEMALE?;YES;7.4;NA;7.666666667;NA;5.3833333;2.283333367;28.3699932623655
Maatea;23/12/2021;23;12;2021;3;Maatea3;MALE?;YES;8.2;NA;8.333333333;NA;5.3833333;2.950000033;28.3699932623655
Maatea;23/12/2021;23;12;2021;4;Maatea4;MALE;YES;7.23;NA;7.383333333;NA;5.3833333;2.000000033;28.3699932623655
Maatea;23/12/2021;23;12;2021;5;Maatea5;MALE;YES;7.33;NA;7.55;NA;5.3833333;2.1666667;28.3699932623655
Maatea;23/12/2021;23;12;2021;6;Maatea6;MALE;YES;7.07;NA;7.116666667;NA;5.3833333;1.733333367;28.3699932623655
Maatea;23/12/2021;23;12;2021;7;Maatea7;UNKNOWN;NO;NA;NA;NA;NA;5.3833333;NA;28.3699932623655
Maatea;23/12/2021;23;12;2021;8;Maatea8;UNKNOWN;NO;NA;NA;NA;NA;5.3833333;NA;28.3699932623655
Maatea;23/12/2021;23;12;2021;9;Maatea9;UNKNOWN;NO;NA;NA;NA;NA;5.3833333;NA;28.3699932623655
Maatea;23/12/2021;23;12;2021;10;Maatea10;MALE;YES;7.08;NA;7.133333333;NA;5.3833333;1.750000033;28.3699932623655
AME BORA BORA;23/12/2021;23;12;2021;1;AME BORA BORA1;MALE;YES;7.12;7.4;7.2;7.066666667;5.5333333;1.6666667;28.4999932594598
AME BORA BORA;23/12/2021;23;12;2021;2;AME BORA BORA2;MALE;YES;7.2;NA;7.333333333;NA;5.5333333;1.800000033;28.4999932594598
AME BORA BORA;23/12/2021;23;12;2021;3;AME BORA BORA3;MALE;YES;7.24;7.4;7.4;7.066666667;5.5333333;1.8666667;28.4999932594598
AME BORA BORA;23/12/2021;23;12;2021;4;AME BORA BORA4;MALE;YES;7.1;7.42;7.166666667;7.7;5.5333333;1.633333367;28.4999932594598
AME BORA BORA;23/12/2021;23;12;2021;5;AME BORA BORA5;MALE;YES;7.26;7.49;7.433333333;7.816666667;5.5333333;1.900000033;28.4999932594598
AME BORA BORA;23/12/2021;23;12;2021;6;AME BORA BORA6;UNKNOWN;NO;NA;NA;NA;NA;5.5333333;NA;28.4999932594598
AME BORA BORA;23/12/2021;23;12;2021;7;AME BORA BORA7;MALE;YES;7.22;7.4;7.366666667;7.066666667;5.5333333;1.833333367;28.4999932594598
AME BORA BORA;23/12/2021;23;12;2021;8;AME BORA BORA8;MALE;YES;7.25;7.4;7.416666667;7.066666667;5.5333333;1.883333367;28.4999932594598
AME BORA BORA;23/12/2021;23;12;2021;9;AME BORA BORA9;MALE;YES;7.22;7.59;7.366666667;7.983333333;5.5333333;1.833333367;28.4999932594598
AME BORA BORA;23/12/2021;23;12;2021;10;AME BORA BORA10;MALE;YES;7.19;7.54;7.316666667;7.9;5.5333333;1.783333367;28.4999932594598
AME BORA BORA;23/12/2021;23;12;2021;11;AME BORA BORA11;UNKNOWN;NO;NA;NA;NA;NA;5.5333333;NA;28.4999932594598
AME BORA BORA;23/12/2021;23;12;2021;12;AME BORA BORA12;MALE;YES;7.3;8.05;7.5;8.083333333;5.5333333;1.9666667;28.4999932594598
AME BORA BORA;23/12/2021;23;12;2021;13;AME BORA BORA13;FEMALE;YES;7.56;8.25;7.933333333;8.416666667;5.5333333;2.400000033;28.4999932594598
AME BORA BORA;23/12/2021;23;12;2021;14;AME BORA BORA14;UNKNOWN;NO;NA;NA;NA;NA;5.5333333;NA;28.4999932594598
AME BORA BORA;23/12/2021;23;12;2021;15;AME BORA BORA15;MALE;YES;7.06;7.5;7.1;7.083333333;5.5333333;1.5666667;28.4999932594598
AME BORA BORA;23/12/2021;23;12;2021;16;AME BORA BORA16;UNKNOWN;NO;NA;NA;NA;NA;5.5333333;NA;28.4999932594598
AME BORA BORA;23/12/2021;23;12;2021;17;AME BORA BORA17;MALE;YES;6.55;7.05;6.916666667;7.083333333;5.5333333;1.383333367;28.4999932594598
AME BORA BORA;23/12/2021;23;12;2021;18;AME BORA BORA18;UNKNOWN;NO;NA;NA;NA;NA;5.5333333;NA;28.4999932594598
AME BORA BORA;23/12/2021;23;12;2021;19;AME BORA BORA19;MALE;YES;7.18;7.35;7.3;7.583333333;5.5333333;1.7666667;28.4999932594598
AME BORA BORA;23/12/2021;23;12;2021;20;AME BORA BORA20;FEMALE;NO;7.31;7.45;7.516666667;7.75;5.5333333;1.983333367;28.4999932594598
Vairao;23/12/2021;23;12;2021;1;Vairao1;MALE;YES;6.5;NA;6.833333333;NA;5.3333333;1.500000033;28.0399932697416
Vairao;23/12/2021;23;12;2021;2;Vairao2;FEMALE;YES;NA;NA;NA;NA;5.3333333;NA;28.0399932697416
Vairao;23/12/2021;23;12;2021;3;Vairao3;FEMALE;YES;NA;NA;NA;NA;5.3333333;NA;28.0399932697416
Vairao;23/12/2021;23;12;2021;4;Vairao4;FEMALE;YES;NA;NA;NA;NA;5.3333333;NA;28.0399932697416
Vairao;23/12/2021;23;12;2021;5;Vairao5;UNKNOWN;YES;NA;NA;NA;NA;5.3333333;NA;28.0399932697416
Vairao;23/12/2021;23;12;2021;6;Vairao6;MALE;YES;6.43;NA;6.716666667;NA;5.3333333;1.383333367;28.0399932697416
Vairao;23/12/2021;23;12;2021;7;Vairao7;MALE;YES;NA;NA;NA;NA;5.3333333;NA;28.0399932697416
Vairao;23/12/2021;23;12;2021;8;Vairao8;MALE;YES;NA;NA;NA;NA;5.3333333;NA;28.0399932697416
Vairao;23/12/2021;23;12;2021;9;Vairao9;MALE;YES;6.4;NA;6.666666667;NA;5.3333333;1.333333367;28.0399932697416
Vairao;23/12/2021;23;12;2021;10;Vairao10;UNKNOWN;NO;NA;NA;NA;NA;5.3333333;NA;28.0399932697416
Vairao;23/12/2021;23;12;2021;11;Vairao11;FEMALE;YES;7.25;NA;7.416666667;NA;5.3333333;2.083333367;28.0399932697416
Vairao;23/12/2021;23;12;2021;12;Vairao12;MALE;NO;NA;NA;NA;NA;5.3333333;NA;28.0399932697416
Vairao;23/12/2021;23;12;2021;13;Vairao13;FEMALE;NO;NA;NA;NA;NA;5.3333333;NA;28.0399932697416
Vairao;23/12/2021;23;12;2021;14;Vairao14;FEMALE;YES;7.4;NA;7.666666667;NA;5.3333333;2.333333367;28.0399932697416
Vairao;23/12/2021;23;12;2021;15;Vairao15;FEMALE;YES;7.4;NA;7.666666667;NA;5.3333333;2.333333367;28.0399932697416
Vairao;23/12/2021;23;12;2021;16;Vairao16;FEMALE;NO;NA;NA;NA;NA;5.3333333;NA;28.0399932697416
Vairao;23/12/2021;23;12;2021;17;Vairao17;MALE;NO;NA;NA;NA;NA;5.3333333;NA;28.0399932697416
Vairao;23/12/2021;23;12;2021;18;Vairao18;FEMALE;YES;7.4;NA;7.666666667;NA;5.3333333;2.333333367;28.0399932697416
Vairao;23/12/2021;23;12;2021;19;Vairao19;FEMALE;YES;7.37;NA;7.616666667;NA;5.3333333;2.283333367;28.0399932697416
Vairao;23/12/2021;23;12;2021;20;Vairao20;MALE;YES;7.15;NA;7.25;NA;5.3333333;1.9166667;28.0399932697416
Vairao;23/12/2021;23;12;2021;21;Vairao21;FEMALE;YES;7.05;NA;7.083333333;NA;5.3333333;1.750000033;28.0399932697416
Vairao;23/12/2021;23;12;2021;22;Vairao22;MALE;NO;NA;NA;NA;NA;5.3333333;NA;28.0399932697416
Vairao;23/12/2021;23;12;2021;23;Vairao23;FEMALE;YES;7.06;NA;7.1;NA;5.3333333;1.7666667;28.0399932697416
Vairao;23/12/2021;23;12;2021;24;Vairao24;FEMALE;YES;7.36;NA;7.6;NA;5.3333333;2.2666667;28.0399932697416
Vairao;23/12/2021;23;12;2021;25;Vairao25;MALE;YES;7.04;NA;7.066666667;NA;5.3333333;1.733333367;28.0399932697416
Vairao;23/12/2021;23;12;2021;26;Vairao26;MALE;YES;7.03;NA;7.05;NA;5.3333333;1.7166667;28.0399932697416
Vairao;23/12/2021;23;12;2021;27;Vairao27;FEMALE;YES;7.3;NA;7.5;NA;5.3333333;2.1666667;28.0399932697416
Vairao;23/12/2021;23;12;2021;28;Vairao28;MALE;NO;NA;NA;NA;NA;5.3333333;NA;28.0399932697416
Vairao;23/12/2021;23;12;2021;29;Vairao29;FEMALE;YES;7.3;NA;7.5;NA;5.3333333;2.1666667;28.0399932697416
Vairao;23/12/2021;23;12;2021;30;Vairao30;MALE;NO;NA;NA;NA;NA;5.3333333;NA;28.0399932697416
Arue_TdR;23/12/2021;23;12;2021;1;Arue_TdR1;MALE;YES;6.47;NA;6.783333333;NA;5.3666667;1.416666633;28.1699932668358
Arue_TdR;23/12/2021;23;12;2021;2;Arue_TdR2;UNKNOWN;NO;NA;NA;NA;NA;5.3666667;NA;28.1699932668358
Arue_TdR;23/12/2021;23;12;2021;3;Arue_TdR3;UNKNOWN;NO;NA;NA;NA;NA;5.3666667;NA;28.1699932668358
Arue_TdR;23/12/2021;23;12;2021;4;Arue_TdR4;MALE;YES;6.49;NA;6.816666667;NA;5.3666667;1.449999967;28.1699932668358
Arue_TdR;23/12/2021;23;12;2021;5;Arue_TdR5;MALE;YES;6.5;NA;6.833333333;NA;5.3666667;1.466666633;28.1699932668358
Arue_TdR;23/12/2021;23;12;2021;6;Arue_TdR6;UNKNOWN;NO;NA;NA;NA;NA;5.3666667;NA;28.1699932668358
Arue_TdR;23/12/2021;23;12;2021;7;Arue_TdR7;UNKNOWN;NO;NA;NA;NA;NA;5.3666667;NA;28.1699932668358
Arue_TdR;23/12/2021;23;12;2021;8;Arue_TdR8;UNKNOWN;NO;NA;NA;NA;NA;5.3666667;NA;28.1699932668358
Arue_TdR;23/12/2021;23;12;2021;9;Arue_TdR9;FEMALE;YES;7.1;NA;7.166666667;NA;5.3666667;1.799999967;28.1699932668358
Arue_TdR;23/12/2021;23;12;2021;10;Arue_TdR10;UNKNOWN;NO;NA;NA;NA;NA;5.3666667;NA;28.1699932668358
Arue_TdR;23/12/2021;23;12;2021;11;Arue_TdR11;MALE;YES;7.03;NA;7.05;NA;5.3666667;1.6833333;28.1699932668358
Arue_TdR;23/12/2021;23;12;2021;12;Arue_TdR12;UNKNOWN;NO;NA;NA;NA;NA;5.3666667;NA;28.1699932668358
Arue_TdR;23/12/2021;23;12;2021;13;Arue_TdR13;UNKNOWN;NO;NA;NA;NA;NA;5.3666667;NA;28.1699932668358
Arue_TdR;23/12/2021;23;12;2021;14;Arue_TdR14;UNKNOWN;NO;NA;NA;NA;NA;5.3666667;NA;28.1699932668358
Arue_TdR;23/12/2021;23;12;2021;15;Arue_TdR15;FEMALE;YES;7.18;NA;7.3;NA;5.3666667;1.9333333;28.1699932668358
Arue_TdR;23/12/2021;23;12;2021;16;Arue_TdR16;MALE;YES;6.51;NA;6.85;NA;5.3666667;1.4833333;28.1699932668358
Arue_TdR;23/12/2021;23;12;2021;17;Arue_TdR17;MALE;NO;NA;NA;NA;NA;5.3666667;NA;28.1699932668358
Arue_TdR;23/12/2021;23;12;2021;18;Arue_TdR18;MALE;YES;7.1;NA;7.166666667;NA;5.3666667;1.799999967;28.1699932668358
Arue_TdR;23/12/2021;23;12;2021;19;Arue_TdR19;UNKNOWN;NO;NA;NA;NA;NA;5.3666667;NA;28.1699932668358
Arue_TdR;23/12/2021;23;12;2021;20;Arue_TdR20;UNKNOWN;NO;NA;NA;NA;NA;5.3666667;NA;28.1699932668358
Arue_TdR;23/12/2021;23;12;2021;21;Arue_TdR21;UNKNOWN;NO;NA;NA;NA;NA;5.3666667;NA;28.1699932668358
Arue_TdR;23/12/2021;23;12;2021;22;Arue_TdR22;UNKNOWN;NO;NA;NA;NA;NA;5.3666667;NA;28.1699932668358
Arue_TdR;23/12/2021;23;12;2021;23;Arue_TdR23;UNKNOWN;NO;NA;NA;NA;NA;5.3666667;NA;28.1699932668358
Arue_TdR;23/12/2021;23;12;2021;24;Arue_TdR24;UNKNOWN;NO;NA;NA;NA;NA;5.3666667;NA;28.1699932668358
Arue_TdR;23/12/2021;23;12;2021;25;Arue_TdR25;UNKNOWN;NO;NA;NA;NA;NA;5.3666667;NA;28.1699932668358
Arue_TdR;23/12/2021;23;12;2021;26;Arue_TdR26;UNKNOWN;NO;NA;NA;NA;NA;5.3666667;NA;28.1699932668358
Arue_TdR;23/12/2021;23;12;2021;27;Arue_TdR27;UNKNOWN;NO;NA;NA;NA;NA;5.3666667;NA;28.1699932668358
Arue_TdR;23/12/2021;23;12;2021;28;Arue_TdR28;UNKNOWN;NO;NA;NA;NA;NA;5.3666667;NA;28.1699932668358
Arue_TdR;23/12/2021;23;12;2021;29;Arue_TdR29;UNKNOWN;NO;NA;NA;NA;NA;5.3666667;NA;28.1699932668358
Arue_TdR;23/12/2021;23;12;2021;30;Arue_TdR30;UNKNOWN;NO;NA;NA;NA;NA;5.3666667;NA;28.1699932668358
Pointe_Venus;23/12/2021;23;12;2021;26;Pointe_Venus26;MALE;YES;6.44;NA;6.733333333;NA;5.35;1.383333333;28.089993268624
Pointe_Venus;23/12/2021;23;12;2021;24;Pointe_Venus24;MALE;YES;6.47;NA;6.783333333;NA;5.35;1.433333333;28.089993268624
Pointe_Venus;23/12/2021;23;12;2021;11;Pointe_Venus11;MALE;YES;6.48;NA;6.8;NA;5.35;1.45;28.089993268624
Pointe_Venus;23/12/2021;23;12;2021;12;Pointe_Venus12;MALE;YES;6.48;NA;6.8;NA;5.35;1.45;28.089993268624
Pointe_Venus;23/12/2021;23;12;2021;13;Pointe_Venus13;MALE;YES;6.48;NA;6.8;NA;5.35;1.45;28.089993268624
Pointe_Venus;23/12/2021;23;12;2021;21;Pointe_Venus21;MALE;YES;6.48;NA;6.8;NA;5.35;1.45;28.089993268624
Pointe_Venus;23/12/2021;23;12;2021;22;Pointe_Venus22;MALE;YES;6.48;NA;6.8;NA;5.35;1.45;28.089993268624
Pointe_Venus;23/12/2021;23;12;2021;1;Pointe_Venus1;FEMALE;NO;NA;NA;NA;NA;5.35;NA;28.089993268624
Pointe_Venus;23/12/2021;23;12;2021;2;Pointe_Venus2;FEMALE;YES;7.12;NA;7.2;NA;5.35;1.85;28.089993268624
Pointe_Venus;23/12/2021;23;12;2021;3;Pointe_Venus3;FEMALE;YES;7.12;NA;7.2;NA;5.35;1.85;28.089993268624
Pointe_Venus;23/12/2021;23;12;2021;4;Pointe_Venus4;FEMALE;YES;7.12;NA;7.2;NA;5.35;1.85;28.089993268624
Pointe_Venus;23/12/2021;23;12;2021;5;Pointe_Venus5;MALE;YES;6.57;NA;6.95;NA;5.35;1.6;28.089993268624
Pointe_Venus;23/12/2021;23;12;2021;6;Pointe_Venus6;MALE;YES;7.01;NA;7.016666667;NA;5.35;1.666666667;28.089993268624
Pointe_Venus;23/12/2021;23;12;2021;7;Pointe_Venus7;FEMALE;NO;NA;NA;NA;NA;5.35;NA;28.089993268624
Pointe_Venus;23/12/2021;23;12;2021;8;Pointe_Venus8;FEMALE;YES;7.11;NA;7.183333333;NA;5.35;1.833333333;28.089993268624
Pointe_Venus;23/12/2021;23;12;2021;9;Pointe_Venus9;UNKNOWN;NO;NA;NA;NA;NA;5.35;NA;28.089993268624
Pointe_Venus;23/12/2021;23;12;2021;10;Pointe_Venus10;FEMALE;YES;7.2;NA;7.333333333;NA;5.35;1.983333333;28.089993268624
AME BORA BORA;22/01/2022;22;1;2022;1;AME BORA BORA1;MALE;NO;NA;NA;NA;NA;5.8333333;NA;27.9499932717532
AME BORA BORA;22/01/2022;22;1;2022;2;AME BORA BORA2;MALE;NO;NA;NA;NA;NA;5.8333333;NA;27.9499932717532
AME BORA BORA;22/01/2022;22;1;2022;3;AME BORA BORA3;MALE;NO;NA;NA;NA;NA;5.8333333;NA;27.9499932717532
AME BORA BORA;22/01/2022;22;1;2022;4;AME BORA BORA4;MALE;NO;NA;NA;NA;NA;5.8333333;NA;27.9499932717532
AME BORA BORA;22/01/2022;22;1;2022;5;AME BORA BORA5;MALE;NO;NA;NA;NA;NA;5.8333333;NA;27.9499932717532
AME BORA BORA;22/01/2022;22;1;2022;6;AME BORA BORA6;UNKNOWN;NO;NA;NA;NA;NA;5.8333333;NA;27.9499932717532
AME BORA BORA;22/01/2022;22;1;2022;7;AME BORA BORA7;MALE;NO;NA;NA;NA;NA;5.8333333;NA;27.9499932717532
AME BORA BORA;22/01/2022;22;1;2022;8;AME BORA BORA8;MALE;NO;NA;NA;NA;NA;5.8333333;NA;27.9499932717532
AME BORA BORA;22/01/2022;22;1;2022;9;AME BORA BORA9;MALE;NO;NA;NA;NA;NA;5.8333333;NA;27.9499932717532
AME BORA BORA;22/01/2022;22;1;2022;10;AME BORA BORA10;MALE;NO;NA;NA;NA;NA;5.8333333;NA;27.9499932717532
AME BORA BORA;22/01/2022;22;1;2022;11;AME BORA BORA11;UNKNOWN;NO;NA;NA;NA;NA;5.8333333;NA;27.9499932717532
AME BORA BORA;22/01/2022;22;1;2022;12;AME BORA BORA12;MALE;NO;NA;NA;NA;NA;5.8333333;NA;27.9499932717532
AME BORA BORA;22/01/2022;22;1;2022;13;AME BORA BORA13;FEMALE;NO;NA;NA;NA;NA;5.8333333;NA;27.9499932717532
AME BORA BORA;22/01/2022;22;1;2022;14;AME BORA BORA14;UNKNOWN;NO;NA;NA;NA;NA;5.8333333;NA;27.9499932717532
AME BORA BORA;22/01/2022;22;1;2022;15;AME BORA BORA15;MALE;NO;NA;NA;NA;NA;5.8333333;NA;27.9499932717532
AME BORA BORA;22/01/2022;22;1;2022;16;AME BORA BORA16;UNKNOWN;NO;NA;NA;NA;NA;5.8333333;NA;27.9499932717532
AME BORA BORA;22/01/2022;22;1;2022;17;AME BORA BORA17;MALE;NO;NA;NA;NA;NA;5.8333333;NA;27.9499932717532
AME BORA BORA;22/01/2022;22;1;2022;18;AME BORA BORA18;UNKNOWN;NO;NA;NA;NA;NA;5.8333333;NA;27.9499932717532
AME BORA BORA;22/01/2022;22;1;2022;19;AME BORA BORA19;MALE;NO;NA;NA;NA;NA;5.8333333;NA;27.9499932717532
AME BORA BORA;22/01/2022;22;1;2022;20;AME BORA BORA20;FEMALE;NO;NA;NA;NA;NA;5.8333333;NA;27.9499932717532
Vairao;22/01/2022;22;1;2022;1;Vairao1;MALE;YES;7.11;NA;7.183333333;NA;5.6333333;1.550000033;28.4599932603538
Vairao;22/01/2022;22;1;2022;2;Vairao2;FEMALE;YES;NA;NA;NA;NA;5.6333333;NA;28.4599932603538
Vairao;22/01/2022;22;1;2022;3;Vairao3;FEMALE;YES;NA;NA;NA;NA;5.6333333;NA;28.4599932603538
Vairao;22/01/2022;22;1;2022;4;Vairao4;FEMALE;YES;NA;NA;NA;NA;5.6333333;NA;28.4599932603538
Vairao;22/01/2022;22;1;2022;5;Vairao5;FEMALE;YES;NA;NA;NA;NA;5.6333333;NA;28.4599932603538
Vairao;22/01/2022;22;1;2022;6;Vairao6;MALE;YES;7.09;NA;7.15;NA;5.6333333;1.5166667;28.4599932603538
Vairao;22/01/2022;22;1;2022;7;Vairao7;MALE;NO;NA;NA;NA;NA;5.6333333;NA;28.4599932603538
Vairao;22/01/2022;22;1;2022;8;Vairao8;MALE;YES;7.2;NA;7.333333333;NA;5.6333333;1.700000033;28.4599932603538
Vairao;22/01/2022;22;1;2022;9;Vairao9;MALE;YES;7.06;NA;7.1;NA;5.6333333;1.4666667;28.4599932603538
Vairao;22/01/2022;22;1;2022;10;Vairao10;UNKNOWN;NO;NA;NA;NA;NA;5.6333333;NA;28.4599932603538
Vairao;22/01/2022;22;1;2022;11;Vairao11;FEMALE;NO;NA;NA;NA;NA;5.6333333;NA;28.4599932603538
Vairao;22/01/2022;22;1;2022;12;Vairao12;MALE;NO;NA;NA;NA;NA;5.6333333;NA;28.4599932603538
Vairao;22/01/2022;22;1;2022;13;Vairao13;FEMALE;YES;7.4;NA;7.666666667;NA;5.6333333;2.033333367;28.4599932603538
Vairao;22/01/2022;22;1;2022;14;Vairao14;FEMALE;YES;7.49;NA;7.816666667;NA;5.6333333;2.183333367;28.4599932603538
Vairao;22/01/2022;22;1;2022;15;Vairao15;FEMALE;YES;7.45;NA;7.75;NA;5.6333333;2.1166667;28.4599932603538
Vairao;22/01/2022;22;1;2022;16;Vairao16;FEMALE;YES;8.06;NA;8.1;NA;5.6333333;2.4666667;28.4599932603538
Vairao;22/01/2022;22;1;2022;17;Vairao17;MALE;YES;7.2;NA;7.333333333;NA;5.6333333;1.700000033;28.4599932603538
Vairao;22/01/2022;22;1;2022;18;Vairao18;FEMALE;NO;NA;NA;NA;NA;5.6333333;NA;28.4599932603538
Vairao;22/01/2022;22;1;2022;19;Vairao19;FEMALE;NO;NA;NA;NA;NA;5.6333333;NA;28.4599932603538
Vairao;22/01/2022;22;1;2022;20;Vairao20;MALE;NO;NA;NA;NA;NA;5.6333333;NA;28.4599932603538
Vairao;22/01/2022;22;1;2022;21;Vairao21;FEMALE;YES;7.5;NA;7.833333333;NA;5.6333333;2.200000033;28.4599932603538
Vairao;22/01/2022;22;1;2022;22;Vairao22;MALE;YES;7.2;NA;7.333333333;NA;5.6333333;1.700000033;28.4599932603538
Vairao;22/01/2022;22;1;2022;23;Vairao23;FEMALE;YES;7.5;NA;7.833333333;NA;5.6333333;2.200000033;28.4599932603538
Vairao;22/01/2022;22;1;2022;24;Vairao24;FEMALE;YES;7.38;NA;7.633333333;NA;5.6333333;2.000000033;28.4599932603538
Vairao;22/01/2022;22;1;2022;25;Vairao25;MALE;YES;7.25;NA;7.416666667;NA;5.6333333;1.783333367;28.4599932603538
Vairao;22/01/2022;22;1;2022;26;Vairao26;MALE;NO;NA;NA;NA;NA;5.6333333;NA;28.4599932603538
Vairao;22/01/2022;22;1;2022;27;Vairao27;FEMALE;NO;NA;NA;NA;NA;5.6333333;NA;28.4599932603538
Vairao;22/01/2022;22;1;2022;28;Vairao28;MALE;YES;7.25;NA;7.416666667;NA;5.6333333;1.783333367;28.4599932603538
Vairao;22/01/2022;22;1;2022;29;Vairao29;FEMALE;NO;NA;NA;NA;NA;5.6333333;NA;28.4599932603538
Vairao;22/01/2022;22;1;2022;30;Vairao30;MALE;YES;7.36;NA;7.6;NA;5.6333333;1.9666667;28.4599932603538
AME BORA BORA;21/02/2022;21;2;2022;1;AME BORA BORA1;MALE;NO;NA;NA;NA;NA;6.0666667;NA;28.0399932697416
AME BORA BORA;21/02/2022;21;2;2022;2;AME BORA BORA2;MALE;YES;8.13;8.22;8.216666667;8.366666667;6.0666667;2.149999967;28.0399932697416
AME BORA BORA;21/02/2022;21;2;2022;3;AME BORA BORA3;MALE;NO;NA;NA;NA;NA;6.0666667;NA;28.0399932697416
AME BORA BORA;21/02/2022;21;2;2022;4;AME BORA BORA4;MALE;NO;NA;NA;NA;NA;6.0666667;NA;28.0399932697416
AME BORA BORA;21/02/2022;21;2;2022;5;AME BORA BORA5;MALE;NO;NA;NA;NA;NA;6.0666667;NA;28.0399932697416
AME BORA BORA;21/02/2022;21;2;2022;6;AME BORA BORA6;UNKNOWN;NO;NA;NA;NA;NA;6.0666667;NA;28.0399932697416
AME BORA BORA;21/02/2022;21;2;2022;7;AME BORA BORA7;MALE;NO;NA;NA;NA;NA;6.0666667;NA;28.0399932697416
AME BORA BORA;21/02/2022;21;2;2022;8;AME BORA BORA8;MALE;NO;NA;NA;NA;NA;6.0666667;NA;28.0399932697416
AME BORA BORA;21/02/2022;21;2;2022;9;AME BORA BORA9;MALE;NO;NA;NA;NA;NA;6.0666667;NA;28.0399932697416
AME BORA BORA;21/02/2022;21;2;2022;10;AME BORA BORA10;MALE;NO;NA;NA;NA;NA;6.0666667;NA;28.0399932697416
AME BORA BORA;21/02/2022;21;2;2022;11;AME BORA BORA11;UNKNOWN;NO;NA;NA;NA;NA;6.0666667;NA;28.0399932697416
AME BORA BORA;21/02/2022;21;2;2022;12;AME BORA BORA12;MALE;NO;NA;NA;NA;NA;6.0666667;NA;28.0399932697416
AME BORA BORA;21/02/2022;21;2;2022;13;AME BORA BORA13;FEMALE;YES;7.38;NA;7.633333333;NA;6.0666667;1.566666633;28.0399932697416
AME BORA BORA;21/02/2022;21;2;2022;14;AME BORA BORA14;UNKNOWN;NO;NA;NA;NA;NA;6.0666667;NA;28.0399932697416
AME BORA BORA;21/02/2022;21;2;2022;15;AME BORA BORA15;MALE;NO;NA;NA;NA;NA;6.0666667;NA;28.0399932697416
AME BORA BORA;21/02/2022;21;2;2022;16;AME BORA BORA16;UNKNOWN;NO;NA;NA;NA;NA;6.0666667;NA;28.0399932697416
AME BORA BORA;21/02/2022;21;2;2022;17;AME BORA BORA17;MALE;NO;NA;NA;NA;NA;6.0666667;NA;28.0399932697416
AME BORA BORA;21/02/2022;21;2;2022;18;AME BORA BORA18;UNKNOWN;NO;NA;NA;NA;NA;6.0666667;NA;28.0399932697416
AME BORA BORA;21/02/2022;21;2;2022;19;AME BORA BORA19;MALE;NO;NA;NA;NA;NA;6.0666667;NA;28.0399932697416
AME BORA BORA;21/02/2022;21;2;2022;20;AME BORA BORA20;FEMALE;YES;7.11;NA;7.183333333;NA;6.0666667;1.116666633;28.0399932697416
Vairao;21/02/2022;21;2;2022;1;Vairao1;MALE;NO;NA;NA;NA;NA;5.8833333;NA;27.9599932715297
Vairao;21/02/2022;21;2;2022;2;Vairao2;FEMALE;NO;NA;NA;NA;NA;5.8833333;NA;27.9599932715297
Vairao;21/02/2022;21;2;2022;3;Vairao3;FEMALE;NO;NA;NA;NA;NA;5.8833333;NA;27.9599932715297
Vairao;21/02/2022;21;2;2022;4;Vairao4;FEMALE;NO;NA;NA;NA;NA;5.8833333;NA;27.9599932715297
Vairao;21/02/2022;21;2;2022;5;Vairao5;FEMALE;NO;NA;NA;NA;NA;5.8833333;NA;27.9599932715297
Vairao;21/02/2022;21;2;2022;6;Vairao6;MALE;YES;NA;NA;NA;NA;5.8833333;NA;27.9599932715297
Vairao;21/02/2022;21;2;2022;7;Vairao7;MALE;NO;NA;NA;NA;NA;5.8833333;NA;27.9599932715297
Vairao;21/02/2022;21;2;2022;8;Vairao8;MALE;NO;NA;NA;NA;NA;5.8833333;NA;27.9599932715297
Vairao;21/02/2022;21;2;2022;9;Vairao9;MALE;NO;NA;NA;NA;NA;5.8833333;NA;27.9599932715297
Vairao;21/02/2022;21;2;2022;10;Vairao10;UNKNOWN;NO;NA;NA;NA;NA;5.8833333;NA;27.9599932715297
Vairao;21/02/2022;21;2;2022;11;Vairao11;FEMALE;NO;NA;NA;NA;NA;5.8833333;NA;27.9599932715297
Vairao;21/02/2022;21;2;2022;12;Vairao12;MALE;NO;NA;NA;NA;NA;5.8833333;NA;27.9599932715297
Vairao;21/02/2022;21;2;2022;13;Vairao13;FEMALE;NO;NA;NA;NA;NA;5.8833333;NA;27.9599932715297
Vairao;21/02/2022;21;2;2022;14;Vairao14;FEMALE;NO;NA;NA;NA;NA;5.8833333;NA;27.9599932715297
Vairao;21/02/2022;21;2;2022;15;Vairao15;FEMALE;NO;NA;NA;NA;NA;5.8833333;NA;27.9599932715297
Vairao;21/02/2022;21;2;2022;16;Vairao16;FEMALE;NO;NA;NA;NA;NA;5.8833333;NA;27.9599932715297
Vairao;21/02/2022;21;2;2022;17;Vairao17;MALE;NO;NA;NA;NA;NA;5.8833333;NA;27.9599932715297
Vairao;21/02/2022;21;2;2022;18;Vairao18;FEMALE;NO;NA;NA;NA;NA;5.8833333;NA;27.9599932715297
Vairao;21/02/2022;21;2;2022;19;Vairao19;FEMALE;NO;NA;NA;NA;NA;5.8833333;NA;27.9599932715297
Vairao;21/02/2022;21;2;2022;20;Vairao20;MALE;NO;NA;NA;NA;NA;5.8833333;NA;27.9599932715297
Vairao;21/02/2022;21;2;2022;21;Vairao21;FEMALE;NO;NA;NA;NA;NA;5.8833333;NA;27.9599932715297
Vairao;21/02/2022;21;2;2022;22;Vairao22;MALE;NO;NA;NA;NA;NA;5.8833333;NA;27.9599932715297
Vairao;21/02/2022;21;2;2022;23;Vairao23;FEMALE;NO;NA;NA;NA;NA;5.8833333;NA;27.9599932715297
Vairao;21/02/2022;21;2;2022;24;Vairao24;FEMALE;NO;NA;NA;NA;NA;5.8833333;NA;27.9599932715297
Vairao;21/02/2022;21;2;2022;25;Vairao25;MALE;YES;7.48;NA;7.8;NA;5.8833333;1.9166667;27.9599932715297
Vairao;21/02/2022;21;2;2022;26;Vairao26;MALE;NO;NA;NA;NA;NA;5.8833333;NA;27.9599932715297
Vairao;21/02/2022;21;2;2022;27;Vairao27;FEMALE;NO;NA;NA;NA;NA;5.8833333;NA;27.9599932715297
Vairao;21/02/2022;21;2;2022;28;Vairao28;MALE;YES;7.48;NA;7.8;NA;5.8833333;1.9166667;27.9599932715297
Vairao;21/02/2022;21;2;2022;29;Vairao29;FEMALE;NO;NA;NA;NA;NA;5.8833333;NA;27.9599932715297
Vairao;21/02/2022;21;2;2022;30;Vairao30;MALE;NO;NA;NA;NA;NA;5.8833333;NA;27.9599932715297
Vairao;22/03/2022;22;3;2022;1;Vairao1;MALE;NO;NA;NA;NA;NA;6.0166667;NA;28.6199932567775
Vairao;22/03/2022;22;3;2022;2;Vairao2;FEMALE;NO;NA;NA;NA;NA;6.0166667;NA;28.6199932567775
Vairao;22/03/2022;22;3;2022;3;Vairao3;FEMALE;NO;NA;NA;NA;NA;6.0166667;NA;28.6199932567775
Vairao;22/03/2022;22;3;2022;4;Vairao4;FEMALE;YES;7.48;NA;7.8;NA;6.0166667;1.7833333;28.6199932567775
Vairao;22/03/2022;22;3;2022;5;Vairao5;FEMALE;NO;NA;NA;NA;NA;6.0166667;NA;28.6199932567775
Vairao;22/03/2022;22;3;2022;6;Vairao6;MALE;YES;7.28;NA;7.466666667;NA;6.0166667;1.449999967;28.6199932567775
Vairao;22/03/2022;22;3;2022;7;Vairao7;MALE;NO;NA;NA;NA;NA;6.0166667;NA;28.6199932567775
Vairao;22/03/2022;22;3;2022;8;Vairao8;MALE;YES;7.38;NA;7.633333333;NA;6.0166667;1.616666633;28.6199932567775
Vairao;22/03/2022;22;3;2022;9;Vairao9;MALE;NO;NA;NA;NA;NA;6.0166667;NA;28.6199932567775
Vairao;22/03/2022;22;3;2022;10;Vairao10;UNKNOWN;NO;NA;NA;NA;NA;6.0166667;NA;28.6199932567775
Vairao;22/03/2022;22;3;2022;11;Vairao11;FEMALE;NO;NA;NA;NA;NA;6.0166667;NA;28.6199932567775
Vairao;22/03/2022;22;3;2022;12;Vairao12;MALE;NO;NA;NA;NA;NA;6.0166667;NA;28.6199932567775
Vairao;22/03/2022;22;3;2022;13;Vairao13;FEMALE;NO;NA;NA;NA;NA;6.0166667;NA;28.6199932567775
Vairao;22/03/2022;22;3;2022;14;Vairao14;FEMALE;NO;NA;NA;NA;NA;6.0166667;NA;28.6199932567775
Vairao;22/03/2022;22;3;2022;15;Vairao15;FEMALE;NO;NA;NA;NA;NA;6.0166667;NA;28.6199932567775
Vairao;22/03/2022;22;3;2022;16;Vairao16;FEMALE;NO;NA;NA;NA;NA;6.0166667;NA;28.6199932567775
Vairao;22/03/2022;22;3;2022;17;Vairao17;MALE;NO;NA;NA;NA;NA;6.0166667;NA;28.6199932567775
Vairao;22/03/2022;22;3;2022;18;Vairao18;FEMALE;NO;NA;NA;NA;NA;6.0166667;NA;28.6199932567775
Vairao;22/03/2022;22;3;2022;19;Vairao19;FEMALE;NO;NA;NA;NA;NA;6.0166667;NA;28.6199932567775
Vairao;22/03/2022;22;3;2022;20;Vairao20;MALE;NO;NA;NA;NA;NA;6.0166667;NA;28.6199932567775
Vairao;22/03/2022;22;3;2022;21;Vairao21;FEMALE;NO;NA;NA;NA;NA;6.0166667;NA;28.6199932567775
Vairao;22/03/2022;22;3;2022;22;Vairao22;MALE;NO;NA;NA;NA;NA;6.0166667;NA;28.6199932567775
Vairao;22/03/2022;22;3;2022;23;Vairao23;FEMALE;NO;NA;NA;NA;NA;6.0166667;NA;28.6199932567775
Vairao;22/03/2022;22;3;2022;24;Vairao24;FEMALE;YES;7.5;NA;7.833333333;NA;6.0166667;1.816666633;28.6199932567775
Vairao;22/03/2022;22;3;2022;25;Vairao25;MALE;YES;7.4;NA;7.666666667;NA;6.0166667;1.649999967;28.6199932567775
Vairao;22/03/2022;22;3;2022;26;Vairao26;MALE;NO;NA;NA;NA;NA;6.0166667;NA;28.6199932567775
Vairao;22/03/2022;22;3;2022;27;Vairao27;FEMALE;NO;NA;NA;NA;NA;6.0166667;NA;28.6199932567775
Vairao;22/03/2022;22;3;2022;28;Vairao28;MALE;YES;7.4;NA;7.666666667;NA;6.0166667;1.649999967;28.6199932567775
Vairao;22/03/2022;22;3;2022;29;Vairao29;FEMALE;NO;NA;NA;NA;NA;6.0166667;NA;28.6199932567775
Vairao;22/03/2022;22;3;2022;30;Vairao30;MALE;YES;7.55;NA;7.916666667;NA;6.0166667;1.899999967;28.6199932567775
Pointe_Venus;22/01/2022;22;1;2022;21;Pointe_Venus21;MALE;YES;7.23;NA;7.383333333;NA;5.6666667;1.716666633;28.3999932616949
Pointe_Venus;22/01/2022;22;1;2022;22;Pointe_Venus22;MALE;YES;7.23;NA;7.383333333;NA;5.6666667;1.716666633;28.3999932616949
Pointe_Venus;22/01/2022;22;1;2022;23;Pointe_Venus23;MALE;YES;7.23;NA;7.383333333;NA;5.6666667;1.716666633;28.3999932616949
Pointe_Venus;22/01/2022;22;1;2022;24;Pointe_Venus24;MALE;YES;7.24;NA;7.4;NA;5.6666667;1.7333333;28.3999932616949
Pointe_Venus;22/01/2022;22;1;2022;11;Pointe_Venus11;MALE;YES;7.19;NA;7.316666667;NA;5.6666667;1.649999967;28.3999932616949
Pointe_Venus;22/01/2022;22;1;2022;12;Pointe_Venus12;MALE;YES;7.19;NA;7.316666667;NA;5.6666667;1.649999967;28.3999932616949
Pointe_Venus;22/01/2022;22;1;2022;13;Pointe_Venus13;MALE;YES;7.19;NA;7.316666667;NA;5.6666667;1.649999967;28.3999932616949
Pointe_Venus;22/01/2022;22;1;2022;14;Pointe_Venus14;MALE;YES;7.19;NA;7.316666667;NA;5.6666667;1.649999967;28.3999932616949
Pointe_Venus;22/01/2022;22;1;2022;15;Pointe_Venus15;MALE;YES;7.34;NA;7.566666667;NA;5.6666667;1.899999967;28.3999932616949
Pointe_Venus;22/01/2022;22;1;2022;16;Pointe_Venus16;MALE;YES;7.34;NA;7.566666667;NA;5.6666667;1.899999967;28.3999932616949
Pointe_Venus;22/01/2022;22;1;2022;17;Pointe_Venus17;MALE;YES;7.34;NA;7.566666667;NA;5.6666667;1.899999967;28.3999932616949
Pointe_Venus;22/01/2022;22;1;2022;18;Pointe_Venus18;MALE;YES;7.34;NA;7.566666667;NA;5.6666667;1.899999967;28.3999932616949
Pointe_Venus;22/01/2022;22;1;2022;19;Pointe_Venus19;MALE;YES;7.37;NA;7.616666667;NA;5.6666667;1.949999967;28.3999932616949
Pointe_Venus;22/01/2022;22;1;2022;20;Pointe_Venus20;MALE;YES;7.37;NA;7.616666667;NA;5.6666667;1.949999967;28.3999932616949
AME BORA BORA;22/03/2022;22;3;2022;1;AME BORA BORA1;MALE;NO;NA;NA;NA;NA;6.1833333;NA;28.649993256107
AME BORA BORA;22/03/2022;22;3;2022;2;AME BORA BORA2;MALE;NO;NA;NA;NA;NA;6.1833333;NA;28.649993256107
AME BORA BORA;22/03/2022;22;3;2022;3;AME BORA BORA3;MALE;NO;NA;NA;NA;NA;6.1833333;NA;28.649993256107
AME BORA BORA;22/03/2022;22;3;2022;4;AME BORA BORA4;MALE;NO;NA;NA;NA;NA;6.1833333;NA;28.649993256107
AME BORA BORA;22/03/2022;22;3;2022;5;AME BORA BORA5;MALE;NO;NA;NA;NA;NA;6.1833333;NA;28.649993256107
AME BORA BORA;22/03/2022;22;3;2022;6;AME BORA BORA6;UNKNOWN;NO;NA;NA;NA;NA;6.1833333;NA;28.649993256107
AME BORA BORA;22/03/2022;22;3;2022;7;AME BORA BORA7;MALE;NO;NA;NA;NA;NA;6.1833333;NA;28.649993256107
AME BORA BORA;22/03/2022;22;3;2022;8;AME BORA BORA8;MALE;NO;NA;NA;NA;NA;6.1833333;NA;28.649993256107
AME BORA BORA;22/03/2022;22;3;2022;9;AME BORA BORA9;MALE;NO;NA;NA;NA;NA;6.1833333;NA;28.649993256107
AME BORA BORA;22/03/2022;22;3;2022;10;AME BORA BORA10;MALE;NO;NA;NA;NA;NA;6.1833333;NA;28.649993256107
AME BORA BORA;22/03/2022;22;3;2022;11;AME BORA BORA11;UNKNOWN;NO;NA;NA;NA;NA;6.1833333;NA;28.649993256107
AME BORA BORA;22/03/2022;22;3;2022;12;AME BORA BORA12;MALE;NO;NA;NA;NA;NA;6.1833333;NA;28.649993256107
AME BORA BORA;22/03/2022;22;3;2022;13;AME BORA BORA13;FEMALE;NO;NA;NA;NA;NA;6.1833333;NA;28.649993256107
AME BORA BORA;22/03/2022;22;3;2022;14;AME BORA BORA14;UNKNOWN;NO;NA;NA;NA;NA;6.1833333;NA;28.649993256107
AME BORA BORA;22/03/2022;22;3;2022;15;AME BORA BORA15;MALE;NO;NA;NA;NA;NA;6.1833333;NA;28.649993256107
AME BORA BORA;22/03/2022;22;3;2022;16;AME BORA BORA16;UNKNOWN;NO;NA;NA;NA;NA;6.1833333;NA;28.649993256107
AME BORA BORA;22/03/2022;22;3;2022;17;AME BORA BORA17;MALE;NO;NA;NA;NA;NA;6.1833333;NA;28.649993256107
AME BORA BORA;22/03/2022;22;3;2022;18;AME BORA BORA18;UNKNOWN;NO;NA;NA;NA;NA;6.1833333;NA;28.649993256107
AME BORA BORA;22/03/2022;22;3;2022;19;AME BORA BORA19;MALE;NO;NA;NA;NA;NA;6.1833333;NA;28.649993256107
AME BORA BORA;22/03/2022;22;3;2022;20;AME BORA BORA20;FEMALE;NO;NA;NA;NA;NA;6.1833333;NA;28.649993256107
AME BORA BORA;21/04/2022;21;4;2022;1;AME BORA BORA1;;NO;NA;NA;NA;NA;6.2666667;NA;28.5899932574481
AME BORA BORA;21/04/2022;21;4;2022;2;AME BORA BORA2;;NO;NA;NA;NA;NA;6.2666667;NA;28.5899932574481
AME BORA BORA;21/04/2022;21;4;2022;3;AME BORA BORA3;;NO;NA;NA;NA;NA;6.2666667;NA;28.5899932574481
AME BORA BORA;21/04/2022;21;4;2022;4;AME BORA BORA4;;NO;NA;NA;NA;NA;6.2666667;NA;28.5899932574481
AME BORA BORA;21/04/2022;21;4;2022;5;AME BORA BORA5;;NO;NA;NA;NA;NA;6.2666667;NA;28.5899932574481
AME BORA BORA;21/04/2022;21;4;2022;6;AME BORA BORA6;;NO;NA;NA;NA;NA;6.2666667;NA;28.5899932574481
AME BORA BORA;21/04/2022;21;4;2022;7;AME BORA BORA7;;NO;NA;NA;NA;NA;6.2666667;NA;28.5899932574481
AME BORA BORA;21/04/2022;21;4;2022;8;AME BORA BORA8;MALE;YES;8.09;8.21;8.15;8.35;6.2666667;1.8833333;28.5899932574481
AME BORA BORA;21/04/2022;21;4;2022;9;AME BORA BORA9;;NO;NA;NA;NA;NA;6.2666667;NA;28.5899932574481
AME BORA BORA;21/04/2022;21;4;2022;10;AME BORA BORA10;MALE;YES;8.05;8.25;8.083333333;8.416666667;6.2666667;1.816666633;28.5899932574481
AME BORA BORA;21/04/2022;21;4;2022;11;AME BORA BORA11;;NO;NA;NA;NA;NA;6.2666667;NA;28.5899932574481
AME BORA BORA;21/04/2022;21;4;2022;12;AME BORA BORA12;;LOST;NA;NA;NA;NA;6.2666667;NA;28.5899932574481
AME BORA BORA;21/04/2022;21;4;2022;13;AME BORA BORA13;;NO;NA;NA;NA;NA;6.2666667;NA;28.5899932574481
AME BORA BORA;21/04/2022;21;4;2022;14;AME BORA BORA14;;NO;NA;NA;NA;NA;6.2666667;NA;28.5899932574481
AME BORA BORA;21/04/2022;21;4;2022;15;AME BORA BORA15;MALE;YES;7.52;8.32;7.866666667;8.533333333;6.2666667;1.599999967;28.5899932574481
AME BORA BORA;21/04/2022;21;4;2022;16;AME BORA BORA16;;NO;NA;NA;NA;NA;6.2666667;NA;28.5899932574481
AME BORA BORA;21/04/2022;21;4;2022;17;AME BORA BORA17;;NO;NA;NA;NA;NA;6.2666667;NA;28.5899932574481
AME BORA BORA;21/04/2022;21;4;2022;18;AME BORA BORA18;;NO;NA;NA;NA;NA;6.2666667;NA;28.5899932574481
AME BORA BORA;21/04/2022;21;4;2022;19;AME BORA BORA19;;NO;NA;NA;NA;NA;6.2666667;NA;28.5899932574481
AME BORA BORA;21/04/2022;21;4;2022;20;AME BORA BORA20;MALE;YES;7.45;8.15;7.75;8.25;6.2666667;1.4833333;28.5899932574481
Pointe_Venus;14/10/2022;14;10;2022;1;Pointe_Venus1;;NO;NA;NA;NA;NA;5.4833333;NA;26.6099933017045
Pointe_Venus;14/10/2022;14;10;2022;2;Pointe_Venus2;;NO;NA;NA;NA;NA;5.4833333;NA;26.6099933017045
Pointe_Venus;14/10/2022;14;10;2022;3;Pointe_Venus3;;NO;NA;NA;NA;NA;5.4833333;NA;26.6099933017045
Pointe_Venus;14/10/2022;14;10;2022;4;Pointe_Venus4;;NO;NA;NA;NA;NA;5.4833333;NA;26.6099933017045
Pointe_Venus;14/10/2022;14;10;2022;5;Pointe_Venus5;;NO;NA;NA;NA;NA;5.4833333;NA;26.6099933017045
Pointe_Venus;14/10/2022;14;10;2022;6;Pointe_Venus6;;NO;NA;NA;NA;NA;5.4833333;NA;26.6099933017045
Pointe_Venus;14/10/2022;14;10;2022;7;Pointe_Venus7;;NO;NA;NA;NA;NA;5.4833333;NA;26.6099933017045
Pointe_Venus;14/10/2022;14;10;2022;8;Pointe_Venus8;;NO;NA;NA;NA;NA;5.4833333;NA;26.6099933017045
Pointe_Venus;14/10/2022;14;10;2022;9;Pointe_Venus9;;NO;NA;NA;NA;NA;5.4833333;NA;26.6099933017045
Pointe_Venus;14/10/2022;14;10;2022;10;Pointe_Venus10;;NO;NA;NA;NA;NA;5.4833333;NA;26.6099933017045
Pointe_Venus;14/10/2022;14;10;2022;11;Pointe_Venus11;;NO;NA;NA;NA;NA;5.4833333;NA;26.6099933017045
Pointe_Venus;14/10/2022;14;10;2022;12;Pointe_Venus12;;NO;NA;NA;NA;NA;5.4833333;NA;26.6099933017045
Pointe_Venus;14/10/2022;14;10;2022;13;Pointe_Venus13;;NO;NA;NA;NA;NA;5.4833333;NA;26.6099933017045
Pointe_Venus;14/10/2022;14;10;2022;14;Pointe_Venus14;;NO;NA;NA;NA;NA;5.4833333;NA;26.6099933017045
Pointe_Venus;14/10/2022;14;10;2022;15;Pointe_Venus15;;NO;NA;NA;NA;NA;5.4833333;NA;26.6099933017045
Pointe_Venus;14/10/2022;14;10;2022;16;Pointe_Venus16;;NO;NA;NA;NA;NA;5.4833333;NA;26.6099933017045
Pointe_Venus;14/10/2022;14;10;2022;17;Pointe_Venus17;;NO;NA;NA;NA;NA;5.4833333;NA;26.6099933017045
Pointe_Venus;14/10/2022;14;10;2022;18;Pointe_Venus18;;NO;NA;NA;NA;NA;5.4833333;NA;26.6099933017045
Pointe_Venus;14/10/2022;14;10;2022;19;Pointe_Venus19;;NO;NA;NA;NA;NA;5.4833333;NA;26.6099933017045
Pointe_Venus;14/10/2022;14;10;2022;20;Pointe_Venus20;;NO;NA;NA;NA;NA;5.4833333;NA;26.6099933017045
PK18;14/10/2022;14;10;2022;1;PK181;;NO;NA;NA;NA;NA;5.5;NA;26.3399933077395
PK18;14/10/2022;14;10;2022;2;PK182;;NO;NA;NA;NA;NA;5.5;NA;26.3399933077395
Vairao;14/10/2022;14;10;2022;1;Vairao1;;NO;NA;NA;NA;NA;5.4666667;NA;26.3599933072925
Vairao;14/10/2022;14;10;2022;2;Vairao2;;NO;NA;NA;NA;NA;5.4666667;NA;26.3599933072925
Vairao;14/10/2022;14;10;2022;3;Vairao3;;NO;NA;NA;NA;NA;5.4666667;NA;26.3599933072925
Vairao;14/10/2022;14;10;2022;4;Vairao4;;NO;NA;NA;NA;NA;5.4666667;NA;26.3599933072925
Vairao;14/10/2022;14;10;2022;5;Vairao5;;NO;NA;NA;NA;NA;5.4666667;NA;26.3599933072925
Vairao;14/10/2022;14;10;2022;6;Vairao6;;NO;NA;NA;NA;NA;5.4666667;NA;26.3599933072925
Vairao;14/10/2022;14;10;2022;7;Vairao7;;NO;NA;NA;NA;NA;5.4666667;NA;26.3599933072925
Vairao;14/10/2022;14;10;2022;8;Vairao8;;NO;NA;NA;NA;NA;5.4666667;NA;26.3599933072925
Vairao;14/10/2022;14;10;2022;9;Vairao9;;NO;NA;NA;NA;NA;5.4666667;NA;26.3599933072925
Vairao;14/10/2022;14;10;2022;10;Vairao10;;NO;NA;NA;NA;NA;5.4666667;NA;26.3599933072925
Vairao;14/10/2022;14;10;2022;11;Vairao11;;NO;NA;NA;NA;NA;5.4666667;NA;26.3599933072925
Vairao;14/10/2022;14;10;2022;12;Vairao12;;NO;NA;NA;NA;NA;5.4666667;NA;26.3599933072925
Vairao;14/10/2022;14;10;2022;13;Vairao13;;NO;NA;NA;NA;NA;5.4666667;NA;26.3599933072925
Vairao;14/10/2022;14;10;2022;14;Vairao14;;NO;NA;NA;NA;NA;5.4666667;NA;26.3599933072925
Vairao;14/10/2022;14;10;2022;15;Vairao15;;NO;NA;NA;NA;NA;5.4666667;NA;26.3599933072925
Vairao;14/10/2022;14;10;2022;16;Vairao16;;NO;NA;NA;NA;NA;5.4666667;NA;26.3599933072925
Vairao;14/10/2022;14;10;2022;17;Vairao17;;NO;NA;NA;NA;NA;5.4666667;NA;26.3599933072925
Vairao;14/10/2022;14;10;2022;18;Vairao18;;NO;NA;NA;NA;NA;5.4666667;NA;26.3599933072925
Vairao;14/10/2022;14;10;2022;19;Vairao19;;NO;NA;NA;NA;NA;5.4666667;NA;26.3599933072925
Vairao;14/10/2022;14;10;2022;20;Vairao20;;NO;NA;NA;NA;NA;5.4666667;NA;26.3599933072925
Vairao;14/10/2022;14;10;2022;21;Vairao21;;NO;NA;NA;NA;NA;5.4666667;NA;26.3599933072925
Vairao;14/10/2022;14;10;2022;22;Vairao22;;NO;NA;NA;NA;NA;5.4666667;NA;26.3599933072925
Vairao;14/10/2022;14;10;2022;23;Vairao23;;NO;NA;NA;NA;NA;5.4666667;NA;26.3599933072925
Vairao;14/10/2022;14;10;2022;24;Vairao24;;NO;NA;NA;NA;NA;5.4666667;NA;26.3599933072925
Vairao;14/10/2022;14;10;2022;25;Vairao25;;NO;NA;NA;NA;NA;5.4666667;NA;26.3599933072925
Vairao;14/10/2022;14;10;2022;26;Vairao26;;NO;NA;NA;NA;NA;5.4666667;NA;26.3599933072925
Vairao;14/10/2022;14;10;2022;27;Vairao27;;NO;NA;NA;NA;NA;5.4666667;NA;26.3599933072925
Vairao;14/10/2022;14;10;2022;28;Vairao28;;NO;NA;NA;NA;NA;5.4666667;NA;26.3599933072925
Vairao;14/10/2022;14;10;2022;29;Vairao29;;NO;NA;NA;NA;NA;5.4666667;NA;26.3599933072925
Vairao;14/10/2022;14;10;2022;30;Vairao30;;NO;NA;NA;NA;NA;5.4666667;NA;26.3599933072925
AME BORA BORA;13/11/2022;13;11;2022;1;AME BORA BORA1;MALE;NO;NA;NA;NA;NA;5.4166667;NA;27.2799932867289
AME BORA BORA;13/11/2022;13;11;2022;2;AME BORA BORA2;MALE;NO;NA;NA;NA;NA;5.4166667;NA;27.2799932867289
AME BORA BORA;13/11/2022;13;11;2022;3;AME BORA BORA3;MALE;NO;NA;NA;NA;NA;5.4166667;NA;27.2799932867289
AME BORA BORA;13/11/2022;13;11;2022;4;AME BORA BORA4;MALE;NO;NA;NA;NA;NA;5.4166667;NA;27.2799932867289
AME BORA BORA;13/11/2022;13;11;2022;5;AME BORA BORA5;MALE;NO;NA;NA;NA;NA;5.4166667;NA;27.2799932867289
AME BORA BORA;13/11/2022;13;11;2022;6;AME BORA BORA6;UNKNOWN;NO;NA;NA;NA;NA;5.4166667;NA;27.2799932867289
AME BORA BORA;13/11/2022;13;11;2022;7;AME BORA BORA7;MALE;NO;NA;NA;NA;NA;5.4166667;NA;27.2799932867289
AME BORA BORA;13/11/2022;13;11;2022;8;AME BORA BORA8;MALE;NO;NA;NA;NA;NA;5.4166667;NA;27.2799932867289
AME BORA BORA;13/11/2022;13;11;2022;9;AME BORA BORA9;MALE;NO;NA;NA;NA;NA;5.4166667;NA;27.2799932867289
AME BORA BORA;13/11/2022;13;11;2022;10;AME BORA BORA10;MALE;NO;NA;NA;NA;NA;5.4166667;NA;27.2799932867289
AME BORA BORA;13/11/2022;13;11;2022;11;AME BORA BORA11;UNKNOWN;NO;NA;NA;NA;NA;5.4166667;NA;27.2799932867289
AME BORA BORA;13/11/2022;13;11;2022;12;AME BORA BORA12;MALE;NO;NA;NA;NA;NA;5.4166667;NA;27.2799932867289
AME BORA BORA;13/11/2022;13;11;2022;13;AME BORA BORA13;FEMALE;NO;NA;NA;NA;NA;5.4166667;NA;27.2799932867289
AME BORA BORA;13/11/2022;13;11;2022;14;AME BORA BORA14;UNKNOWN;NO;NA;NA;NA;NA;5.4166667;NA;27.2799932867289
AME BORA BORA;13/11/2022;13;11;2022;15;AME BORA BORA15;MALE;YES;7.32;NA;7.533333333;NA;5.4166667;1.9033333;27.2799932867289
AME BORA BORA;13/11/2022;13;11;2022;16;AME BORA BORA16;UNKNOWN;NO;NA;NA;NA;NA;5.4166667;NA;27.2799932867289
AME BORA BORA;13/11/2022;13;11;2022;17;AME BORA BORA17;MALE;NO;NA;NA;NA;NA;5.4166667;NA;27.2799932867289
AME BORA BORA;13/11/2022;13;11;2022;18;AME BORA BORA18;UNKNOWN;NO;NA;NA;NA;NA;5.4166667;NA;27.2799932867289
AME BORA BORA;13/11/2022;13;11;2022;19;AME BORA BORA19;MALE;NO;NA;NA;NA;NA;5.4166667;NA;27.2799932867289
AME BORA BORA;13/11/2022;13;11;2022;20;AME BORA BORA20;FEMALE;NO;NA;NA;NA;NA;5.4166667;NA;27.2799932867289
Vairao;13/11/2022;13;11;2022;1;Vairao1;MALE;YES;7.4;NA;7.666666667;NA;5.21666667;2.449999997;26.7399932987988
Vairao;13/11/2022;13;11;2022;2;Vairao2;;NO;NA;NA;NA;NA;5.21666667;NA;26.7399932987988
Vairao;13/11/2022;13;11;2022;3;Vairao3;;NO;NA;NA;NA;NA;5.21666667;NA;26.7399932987988
Vairao;13/11/2022;13;11;2022;4;Vairao4;;NO;NA;NA;NA;NA;5.21666667;NA;26.7399932987988
Vairao;13/11/2022;13;11;2022;5;Vairao5;FEMALE;YES;8.15;NA;8.25;NA;5.21666667;3.03333333;26.7399932987988
Vairao;13/11/2022;13;11;2022;6;Vairao6;;NO;NA;NA;NA;NA;5.21666667;NA;26.7399932987988
Vairao;13/11/2022;13;11;2022;7;Vairao7;;NO;NA;NA;NA;NA;5.21666667;NA;26.7399932987988
Vairao;13/11/2022;13;11;2022;8;Vairao8;MALE;YES;7.45;NA;7.75;NA;5.21666667;2.53333333;26.7399932987988
Vairao;13/11/2022;13;11;2022;9;Vairao9;MALE;YES;7.25;NA;7.416666667;NA;5.21666667;2.199999997;26.7399932987988
Vairao;13/11/2022;13;11;2022;10;Vairao10;;NO;NA;NA;NA;NA;5.21666667;NA;26.7399932987988
Vairao;13/11/2022;13;11;2022;11;Vairao11;;NO;NA;NA;NA;NA;5.21666667;NA;26.7399932987988
Vairao;13/11/2022;13;11;2022;12;Vairao12;;NO;NA;NA;NA;NA;5.21666667;NA;26.7399932987988
Vairao;13/11/2022;13;11;2022;13;Vairao13;;NO;NA;NA;NA;NA;5.21666667;NA;26.7399932987988
Vairao;13/11/2022;13;11;2022;14;Vairao14;;NO;NA;NA;NA;NA;5.21666667;NA;26.7399932987988
Vairao;13/11/2022;13;11;2022;15;Vairao15;;NO;NA;NA;NA;NA;5.21666667;NA;26.7399932987988
Vairao;13/11/2022;13;11;2022;16;Vairao16;;NO;NA;NA;NA;NA;5.21666667;NA;26.7399932987988
Vairao;13/11/2022;13;11;2022;17;Vairao17;;NO;NA;NA;NA;NA;5.21666667;NA;26.7399932987988
Vairao;13/11/2022;13;11;2022;18;Vairao18;;NO;NA;NA;NA;NA;5.21666667;NA;26.7399932987988
Vairao;13/11/2022;13;11;2022;19;Vairao19;;NO;NA;NA;NA;NA;5.21666667;NA;26.7399932987988
Vairao;13/11/2022;13;11;2022;20;Vairao20;;NO;NA;NA;NA;NA;5.21666667;NA;26.7399932987988
Vairao;13/11/2022;13;11;2022;21;Vairao21;;NO;NA;NA;NA;NA;5.21666667;NA;26.7399932987988
Vairao;13/11/2022;13;11;2022;22;Vairao22;;NO;NA;NA;NA;NA;5.21666667;NA;26.7399932987988
Vairao;13/11/2022;13;11;2022;23;Vairao23;;NO;NA;NA;NA;NA;5.21666667;NA;26.7399932987988
Vairao;13/11/2022;13;11;2022;24;Vairao24;;NO;NA;NA;NA;NA;5.21666667;NA;26.7399932987988
Vairao;13/11/2022;13;11;2022;25;Vairao25;;NO;7.5;NA;7.833333333;NA;5.21666667;2.616666663;26.7399932987988
Vairao;13/11/2022;13;11;2022;26;Vairao26;MALE;YES;7.4;NA;7.666666667;NA;5.21666667;2.449999997;26.7399932987988
Vairao;13/11/2022;13;11;2022;27;Vairao27;;NO;NA;NA;NA;NA;5.21666667;NA;26.7399932987988
Vairao;13/11/2022;13;11;2022;28;Vairao28;MALE;YES;7.5;NA;7.833333333;NA;5.21666667;2.616666663;26.7399932987988
Vairao;13/11/2022;13;11;2022;29;Vairao29;;NO;NA;NA;NA;NA;5.21666667;NA;26.7399932987988
Vairao;13/11/2022;13;11;2022;30;Vairao30;;NO;NA;NA;NA;NA;5.21666667;NA;26.7399932987988
Vairao;12/12/2022;12;12;2022;1;Vairao1;MALE;YES;7.02;NA;7.033333333;NA;5.25;1.783333333;27.6399932786823
Vairao;12/12/2022;12;12;2022;2;Vairao2;FEMALE;YES;7.29;NA;7.483333333;NA;5.25;2.233333333;27.6399932786823
Vairao;12/12/2022;12;12;2022;3;Vairao3;FEMALE;YES;7.45;NA;7.75;NA;5.25;2.5;27.6399932786823
Vairao;12/12/2022;12;12;2022;4;Vairao4;FEMALE;YES;7.18;NA;7.3;NA;5.25;2.05;27.6399932786823
Vairao;12/12/2022;12;12;2022;5;Vairao5;FEMALE;YES;7.44;NA;7.733333333;NA;5.25;2.483333333;27.6399932786823
Vairao;12/12/2022;12;12;2022;6;Vairao6;MALE;YES;6.53;NA;6.883333333;NA;5.25;1.633333333;27.6399932786823
Vairao;12/12/2022;12;12;2022;7;Vairao7;;NO;NA;NA;NA;NA;5.25;NA;27.6399932786823
Vairao;12/12/2022;12;12;2022;8;Vairao8;MALE;YES;7.1;NA;7.166666667;NA;5.25;1.916666667;27.6399932786823
Vairao;12/12/2022;12;12;2022;9;Vairao9;MALE;YES;7.06;NA;7.1;NA;5.25;1.85;27.6399932786823
Vairao;12/12/2022;12;12;2022;10;Vairao10;;NO;NA;NA;NA;NA;5.25;NA;27.6399932786823
Vairao;12/12/2022;12;12;2022;11;Vairao11;;NO;NA;NA;NA;NA;5.25;NA;27.6399932786823
Vairao;12/12/2022;12;12;2022;12;Vairao12;;NO;NA;NA;NA;NA;5.25;NA;27.6399932786823
Vairao;12/12/2022;12;12;2022;13;Vairao13;;NO;NA;NA;NA;NA;5.25;NA;27.6399932786823
Vairao;12/12/2022;12;12;2022;14;Vairao14;;NO;NA;NA;NA;NA;5.25;NA;27.6399932786823
Vairao;12/12/2022;12;12;2022;15;Vairao15;;NO;NA;NA;NA;NA;5.25;NA;27.6399932786823
Vairao;12/12/2022;12;12;2022;16;Vairao16;FEMALE;YES;7.32;NA;7.533333333;NA;5.25;2.283333333;27.6399932786823
Vairao;12/12/2022;12;12;2022;17;Vairao17;;NO;NA;NA;NA;NA;5.25;NA;27.6399932786823
Vairao;12/12/2022;12;12;2022;18;Vairao18;;NO;NA;NA;NA;NA;5.25;NA;27.6399932786823
Vairao;12/12/2022;12;12;2022;19;Vairao19;;NO;NA;NA;NA;NA;5.25;NA;27.6399932786823
Vairao;12/12/2022;12;12;2022;20;Vairao20;;NO;NA;NA;NA;NA;5.25;NA;27.6399932786823
Vairao;12/12/2022;12;12;2022;21;Vairao21;FEMALE;YES;NA;NA;NA;NA;5.25;NA;27.6399932786823
Vairao;12/12/2022;12;12;2022;22;Vairao22;;NO;NA;NA;NA;NA;5.25;NA;27.6399932786823
Vairao;12/12/2022;12;12;2022;23;Vairao23;FEMALE;YES;NA;NA;NA;NA;5.25;NA;27.6399932786823
Vairao;12/12/2022;12;12;2022;24;Vairao24;FEMALE;YES;NA;NA;NA;NA;5.25;NA;27.6399932786823
Vairao;12/12/2022;12;12;2022;25;Vairao25;MALE;YES;NA;NA;NA;NA;5.25;NA;27.6399932786823
Vairao;12/12/2022;12;12;2022;26;Vairao26;MALE;YES;7.1;NA;7.166666667;NA;5.25;1.916666667;27.6399932786823
Vairao;12/12/2022;12;12;2022;27;Vairao27;FEMALE;YES;NA;NA;NA;NA;5.25;NA;27.6399932786823
Vairao;12/12/2022;12;12;2022;28;Vairao28;MALE;YES;NA;NA;NA;NA;5.25;NA;27.6399932786823
Vairao;12/12/2022;12;12;2022;29;Vairao29;FEMALE;YES;NA;NA;NA;NA;5.25;NA;27.6399932786823
Vairao;12/12/2022;12;12;2022;30;Vairao30;;NO;NA;NA;NA;NA;5.25;NA;27.6399932786823
Pointe_Venus;11/01/2023;11;1;2023;1;Pointe_Venus1;FEMALE;YES;7.47;8.08;7.783333333;8.133333333;5.5333333;2.250000033;28.3199932634831
Pointe_Venus;11/01/2023;11;1;2023;2;Pointe_Venus2;FEMALE;YES;7.43;8.13;7.716666667;8.216666667;5.5333333;2.183333367;28.3199932634831
Pointe_Venus;11/01/2023;11;1;2023;3;Pointe_Venus3;FEMALE;YES;7.33;NA;7.55;NA;5.5333333;2.0166667;28.3199932634831
Pointe_Venus;11/01/2023;11;1;2023;4;Pointe_Venus4;FEMALE;YES;7.33;NA;7.55;NA;5.5333333;2.0166667;28.3199932634831
Pointe_Venus;11/01/2023;11;1;2023;5;Pointe_Venus5;MALE;YES;7.25;8.07;7.416666667;8.116666667;5.5333333;1.883333367;28.3199932634831
Pointe_Venus;11/01/2023;11;1;2023;6;Pointe_Venus6;MALE;YES;7.25;8.07;7.416666667;8.116666667;5.5333333;1.883333367;28.3199932634831
Pointe_Venus;11/01/2023;11;1;2023;7;Pointe_Venus7;FEMALE;YES;7.44;8.1;7.733333333;8.166666667;5.5333333;2.200000033;28.3199932634831
Pointe_Venus;11/01/2023;11;1;2023;8;Pointe_Venus8;FEMALE;YES;7.35;8.08;7.583333333;8.133333333;5.5333333;2.050000033;28.3199932634831
Pointe_Venus;11/01/2023;11;1;2023;9;Pointe_Venus9;FEMALE;YES;7.52;8.08;7.866666667;8.133333333;5.5333333;2.333333367;28.3199932634831
Pointe_Venus;11/01/2023;11;1;2023;10;Pointe_Venus10;;NO;NA;NA;NA;NA;5.5333333;NA;28.3199932634831
Pointe_Venus;11/01/2023;11;1;2023;11;Pointe_Venus11;MALE;YES;7.07;8;7.116666667;8;5.5333333;1.583333367;28.3199932634831
Pointe_Venus;11/01/2023;11;1;2023;12;Pointe_Venus12;MALE;YES;7.07;8;7.116666667;8;5.5333333;1.583333367;28.3199932634831
Pointe_Venus;11/01/2023;11;1;2023;13;Pointe_Venus13;;NO;NA;NA;NA;NA;5.5333333;NA;28.3199932634831
Pointe_Venus;11/01/2023;11;1;2023;14;Pointe_Venus14;;NO;NA;NA;NA;NA;5.5333333;NA;28.3199932634831
Pointe_Venus;11/01/2023;11;1;2023;15;Pointe_Venus15;;NO;NA;NA;NA;NA;5.5333333;NA;28.3199932634831
Pointe_Venus;11/01/2023;11;1;2023;16;Pointe_Venus16;;NO;NA;NA;NA;NA;5.5333333;NA;28.3199932634831
Pointe_Venus;11/01/2023;11;1;2023;17;Pointe_Venus17;;NO;NA;NA;NA;NA;5.5333333;NA;28.3199932634831
Pointe_Venus;11/01/2023;11;1;2023;18;Pointe_Venus18;MALE;YES;7.15;8;7.25;8;5.5333333;1.7166667;28.3199932634831
Pointe_Venus;11/01/2023;11;1;2023;19;Pointe_Venus19;MALE;YES;7.15;8;7.25;8;5.5333333;1.7166667;28.3199932634831
Pointe_Venus;11/01/2023;11;1;2023;20;Pointe_Venus20;MALE;YES;NA;NA;NA;NA;5.5333333;NA;28.3199932634831
Pointe_Venus;11/01/2023;11;1;2023;21;Pointe_Venus21;MALE;YES;7.11;8;7.183333333;8;5.5333333;1.650000033;28.3199932634831
Pointe_Venus;11/01/2023;11;1;2023;22;Pointe_Venus22;;LOST;NA;NA;NA;NA;5.5333333;NA;28.3199932634831
Pointe_Venus;11/01/2023;11;1;2023;23;Pointe_Venus23;MALE;YES;7.08;8;7.133333333;8;5.5333333;1.600000033;28.3199932634831
Pointe_Venus;11/01/2023;11;1;2023;24;Pointe_Venus24;MALE;YES;7.11;8;7.183333333;8;5.5333333;1.650000033;28.3199932634831
Vairao;11/01/2023;11;1;2023;1;Vairao1;MALE;YES;7.02;NA;7.033333333;NA;5.5166667;1.516666633;28.1499932672829
Vairao;11/01/2023;11;1;2023;2;Vairao2;FEMALE;YES;7.14;NA;7.233333333;NA;5.5166667;1.716666633;28.1499932672829
Vairao;11/01/2023;11;1;2023;3;Vairao3;FEMALE;YES;7.3;NA;7.5;NA;5.5166667;1.9833333;28.1499932672829
Vairao;11/01/2023;11;1;2023;4;Vairao4;FEMALE;YES;7.1;NA;7.166666667;NA;5.5166667;1.649999967;28.1499932672829
Vairao;11/01/2023;11;1;2023;5;Vairao5;FEMALE;YES;7.3;NA;7.5;NA;5.5166667;1.9833333;28.1499932672829
Vairao;11/01/2023;11;1;2023;6;Vairao6;MALE;YES;6.56;NA;6.933333333;NA;5.5166667;1.416666633;28.1499932672829
Vairao;11/01/2023;11;1;2023;7;Vairao7;MALE;YES;7.01;NA;7.016666667;NA;5.5166667;1.499999967;28.1499932672829
Vairao;11/01/2023;11;1;2023;8;Vairao8;MALE;NO;NA;NA;NA;NA;5.5166667;NA;28.1499932672829
Vairao;11/01/2023;11;1;2023;9;Vairao9;MALE;YES;6.56;NA;6.933333333;NA;5.5166667;1.416666633;28.1499932672829
Vairao;11/01/2023;11;1;2023;10;Vairao10;;NO;NA;NA;NA;NA;5.5166667;NA;28.1499932672829
Vairao;11/01/2023;11;1;2023;11;Vairao11;FEMALE;YES;7.17;NA;7.283333333;NA;5.5166667;1.766666633;28.1499932672829
Vairao;11/01/2023;11;1;2023;12;Vairao12;MALE;YES;7.06;NA;7.1;NA;5.5166667;1.5833333;28.1499932672829
Vairao;11/01/2023;11;1;2023;13;Vairao13;FEMALE;YES;7.16;NA;7.266666667;NA;5.5166667;1.749999967;28.1499932672829
Vairao;11/01/2023;11;1;2023;14;Vairao14;;NO;NA;NA;NA;NA;5.5166667;NA;28.1499932672829
Vairao;11/01/2023;11;1;2023;15;Vairao15;;NO;NA;NA;NA;NA;5.5166667;NA;28.1499932672829
Vairao;11/01/2023;11;1;2023;16;Vairao16;FEMALE;NO;NA;NA;NA;NA;5.5166667;NA;28.1499932672829
Vairao;11/01/2023;11;1;2023;17;Vairao17;MALE;YES;7.05;NA;7.083333333;NA;5.5166667;1.566666633;28.1499932672829
Vairao;11/01/2023;11;1;2023;18;Vairao18;FEMALE;YES;7.21;NA;7.35;NA;5.5166667;1.8333333;28.1499932672829
Vairao;11/01/2023;11;1;2023;19;Vairao19;FEMALE;YES;7.19;NA;7.316666667;NA;5.5166667;1.799999967;28.1499932672829
Vairao;11/01/2023;11;1;2023;20;Vairao20;MALE;YES;7.08;NA;7.133333333;NA;5.5166667;1.616666633;28.1499932672829
Vairao;11/01/2023;11;1;2023;21;Vairao21;FEMALE;YES;8;NA;8;NA;5.5166667;2.4833333;28.1499932672829
Vairao;11/01/2023;11;1;2023;22;Vairao22;FEMALE;YES;7.15;NA;7.25;NA;5.5166667;1.7333333;28.1499932672829
Vairao;11/01/2023;11;1;2023;23;Vairao23;FEMALE;YES;7.14;NA;7.233333333;NA;5.5166667;1.716666633;28.1499932672829
Vairao;11/01/2023;11;1;2023;24;Vairao24;FEMALE;YES;7.59;NA;7.983333333;NA;5.5166667;2.466666633;28.1499932672829
Vairao;11/01/2023;11;1;2023;25;Vairao25;MALE;YES;7.1;NA;7.166666667;NA;5.5166667;1.649999967;28.1499932672829
Vairao;11/01/2023;11;1;2023;26;Vairao26;MALE;NO;NA;NA;NA;NA;5.5166667;NA;28.1499932672829
Vairao;11/01/2023;11;1;2023;27;Vairao27;FEMALE;YES;8;NA;8;NA;5.5166667;2.4833333;28.1499932672829
Vairao;11/01/2023;11;1;2023;28;Vairao28;MALE;YES;7.15;NA;7.25;NA;5.5166667;1.7333333;28.1499932672829
Vairao;11/01/2023;11;1;2023;29;Vairao29;FEMALE;YES;7.09;NA;7.15;NA;5.5166667;1.6333333;28.1499932672829
Vairao;11/01/2023;11;1;2023;30;Vairao30;;NO;NA;NA;NA;NA;5.5166667;NA;28.1499932672829
Vairao;12/01/2023;12;1;2023;1;Vairao1;MALE;YES;7.15;NA;7.25;NA;5.5333333;1.7166667;28.2399932652712
Vairao;12/01/2023;12;1;2023;2;Vairao2;FEMALE;YES;7.47;NA;7.783333333;NA;5.5333333;2.250000033;28.2399932652712
Vairao;12/01/2023;12;1;2023;3;Vairao3;FEMALE;YES;7.25;NA;7.416666667;NA;5.5333333;1.883333367;28.2399932652712
Vairao;12/01/2023;12;1;2023;4;Vairao4;FEMALE;YES;7.45;NA;7.75;NA;5.5333333;2.2166667;28.2399932652712
Vairao;12/01/2023;12;1;2023;5;Vairao5;;NO;NA;NA;NA;NA;5.5333333;NA;28.2399932652712
Vairao;12/01/2023;12;1;2023;6;Vairao6;MALE;YES;7.14;NA;7.233333333;NA;5.5333333;1.700000033;28.2399932652712
Vairao;12/01/2023;12;1;2023;7;Vairao7;MALE;YES;7.03;NA;7.05;NA;5.5333333;1.5166667;28.2399932652712
Vairao;12/01/2023;12;1;2023;8;Vairao8;MALE;YES;7.42;NA;7.7;NA;5.5333333;2.1666667;28.2399932652712
Vairao;12/01/2023;12;1;2023;9;Vairao9;MALE;YES;7.12;NA;7.2;NA;5.5333333;1.6666667;28.2399932652712
Vairao;12/01/2023;12;1;2023;10;Vairao10;FEMALE;YES;7.33;NA;7.55;NA;5.5333333;2.0166667;28.2399932652712
Vairao;12/01/2023;12;1;2023;11;Vairao11;FEMALE;YES;7.28;NA;7.466666667;NA;5.5333333;1.933333367;28.2399932652712
Vairao;12/01/2023;12;1;2023;12;Vairao12;MALE;YES;7.24;NA;7.4;NA;5.5333333;1.8666667;28.2399932652712
Vairao;12/01/2023;12;1;2023;13;Vairao13;;NO;NA;NA;NA;NA;5.5333333;NA;28.2399932652712
Vairao;12/01/2023;12;1;2023;14;Vairao14;;NO;NA;NA;NA;NA;5.5333333;NA;28.2399932652712
Vairao;12/01/2023;12;1;2023;15;Vairao15;;NO;NA;NA;NA;NA;5.5333333;NA;28.2399932652712
Vairao;12/01/2023;12;1;2023;16;Vairao16;;NO;NA;NA;NA;NA;5.5333333;NA;28.2399932652712
Vairao;12/01/2023;12;1;2023;17;Vairao17;;NO;NA;NA;NA;NA;5.5333333;NA;28.2399932652712
Vairao;12/01/2023;12;1;2023;18;Vairao18;FEMALE;YES;7.48;NA;7.8;NA;5.5333333;2.2666667;28.2399932652712
Vairao;12/01/2023;12;1;2023;19;Vairao19;MALE;YES;7.5;NA;7.833333333;NA;5.5333333;2.300000033;28.2399932652712
Vairao;12/01/2023;12;1;2023;20;Vairao20;MALE;YES;7.2;NA;7.333333333;NA;5.5333333;1.800000033;28.2399932652712
Vairao;12/01/2023;12;1;2023;21;Vairao21;;NO;NA;NA;NA;NA;5.5333333;NA;28.2399932652712
Vairao;12/01/2023;12;1;2023;22;Vairao22;;NO;NA;NA;NA;NA;5.5333333;NA;28.2399932652712
Vairao;12/01/2023;12;1;2023;23;Vairao23;;NO;NA;NA;NA;NA;5.5333333;NA;28.2399932652712
Vairao;12/01/2023;12;1;2023;24;Vairao24;FEMALE;YES;7.23;NA;7.383333333;NA;5.5333333;1.850000033;28.2399932652712
Vairao;12/01/2023;12;1;2023;25;Vairao25;MALE;YES;7.32;NA;7.533333333;NA;5.5333333;2.000000033;28.2399932652712
Vairao;12/01/2023;12;1;2023;26;Vairao26;;NO;NA;NA;NA;NA;5.5333333;NA;28.2399932652712
Vairao;12/01/2023;12;1;2023;27;Vairao27;;NO;NA;NA;NA;NA;5.5333333;NA;28.2399932652712
Vairao;12/01/2023;12;1;2023;28;Vairao28;MALE;YES;7.3;NA;7.5;NA;5.5333333;1.9666667;28.2399932652712
Vairao;12/01/2023;12;1;2023;29;Vairao29;FEMALE;YES;7.35;NA;7.583333333;NA;5.5333333;2.050000033;28.2399932652712
Vairao;12/01/2023;12;1;2023;30;Vairao30;;NO;NA;NA;NA;NA;5.5333333;NA;28.2399932652712
AME BORA BORA;12/01/2023;12;1;2023;1;AME BORA BORA1;MALE;NO;NA;NA;NA;NA;5.7333333;NA;28.5299932587892
AME BORA BORA;12/01/2023;12;1;2023;2;AME BORA BORA2;MALE;YES;7.5;8.16;7.83333333333333;8.26666666666667;5.7333333;2.10000003333333;28.5299932587892
AME BORA BORA;12/01/2023;12;1;2023;3;AME BORA BORA3;MALE;YES;7.55;8.55;7.91666666666667;8.91666666666667;5.7333333;2.18333336666667;28.5299932587892
AME BORA BORA;12/01/2023;12;1;2023;4;AME BORA BORA4;MALE;NO;NA;NA;NA;NA;5.7333333;NA;28.5299932587892
AME BORA BORA;12/01/2023;12;1;2023;5;AME BORA BORA5;FEMALE;YES;7.21;7.5;7.35;7.83333333333333;5.7333333;1.6166667;28.5299932587892
AME BORA BORA;12/01/2023;12;1;2023;6;AME BORA BORA6;UNKNOWN;LOST;NA;NA;NA;NA;5.7333333;NA;28.5299932587892
AME BORA BORA;12/01/2023;12;1;2023;7;AME BORA BORA7;MALE;YES;7.34;7.59;7.56666666666667;7.98333333333333;5.7333333;1.83333336666667;28.5299932587892
AME BORA BORA;12/01/2023;12;1;2023;8;AME BORA BORA8;MALE;NO;NA;NA;NA;NA;5.7333333;NA;28.5299932587892
AME BORA BORA;12/01/2023;12;1;2023;9;AME BORA BORA9;MALE;YES;7.5;8.08;7.83333333333333;8.13333333333333;5.7333333;2.10000003333333;28.5299932587892
AME BORA BORA;12/01/2023;12;1;2023;10;AME BORA BORA10;MALE;YES;7.38;8.06;7.63333333333333;8.1;5.7333333;1.90000003333333;28.5299932587892
AME BORA BORA;12/01/2023;12;1;2023;11;AME BORA BORA11;UNKNOWN;LOST;NA;NA;NA;NA;5.7333333;NA;28.5299932587892
AME BORA BORA;12/01/2023;12;1;2023;12;AME BORA BORA12;MALE;NO;NA;NA;NA;NA;5.7333333;NA;28.5299932587892
AME BORA BORA;12/01/2023;12;1;2023;13;AME BORA BORA13;FEMALE;NO;NA;NA;NA;NA;5.7333333;NA;28.5299932587892
AME BORA BORA;12/01/2023;12;1;2023;14;AME BORA BORA14;UNKNOWN;NO;NA;NA;NA;NA;5.7333333;NA;28.5299932587892
AME BORA BORA;12/01/2023;12;1;2023;15;AME BORA BORA15;MALE;YES;7.23;7.55;7.38333333333333;7.91666666666667;5.7333333;1.65000003333333;28.5299932587892
AME BORA BORA;12/01/2023;12;1;2023;16;AME BORA BORA16;UNKNOWN;NO;NA;NA;NA;NA;5.7333333;NA;28.5299932587892
AME BORA BORA;12/01/2023;12;1;2023;17;AME BORA BORA17;MALE;YES;7.11;7.45;7.18333333333333;7.75;5.7333333;1.45000003333333;28.5299932587892
AME BORA BORA;12/01/2023;12;1;2023;18;AME BORA BORA18;UNKNOWN;NO;NA;NA;NA;NA;5.7333333;NA;28.5299932587892
AME BORA BORA;12/01/2023;12;1;2023;19;AME BORA BORA19;MALE;NO;NA;NA;NA;NA;5.7333333;NA;28.5299932587892
AME BORA BORA;12/01/2023;12;1;2023;20;AME BORA BORA20;FEMALE;NO;NA;NA;NA;NA;5.7333333;NA;28.5299932587892
AME BORA BORA;12/01/2023;12;1;2023;21;AME BORA BORA21;MALE;YES;7.25;8;7.41666666666667;8;5.7333333;1.68333336666667;28.5299932587892
AME BORA BORA;12/01/2023;12;1;2023;22;AME BORA BORA22;MALE;NO;NA;NA;NA;NA;5.7333333;NA;28.5299932587892
AME BORA BORA;12/12/2022;12;12;2022;1;AME BORA BORA1;MALE;NO;NA;NA;NA;NA;5.45;NA;28.0599932692945
AME BORA BORA;12/12/2022;12;12;2022;2;AME BORA BORA2;MALE;YES;8.36;8.1;8.6;8.16666666666667;5.45;3.15;28.0599932692945
AME BORA BORA;12/12/2022;12;12;2022;3;AME BORA BORA3;MALE;YES;7.51;8.16;7.85;8.26666666666667;5.45;2.4;28.0599932692945
AME BORA BORA;12/12/2022;12;12;2022;4;AME BORA BORA4;MALE;YES;7.56;8.14;7.93333333333333;8.23333333333333;5.45;2.48333333333333;28.0599932692945
AME BORA BORA;12/12/2022;12;12;2022;5;AME BORA BORA5;FEMALE;YES;7.45;8.06;7.75;8.1;5.45;2.3;28.0599932692945
AME BORA BORA;12/12/2022;12;12;2022;6;AME BORA BORA6;UNKNOWN;LOST;NA;NA;NA;NA;5.45;NA;28.0599932692945
AME BORA BORA;12/12/2022;12;12;2022;7;AME BORA BORA7;MALE;YES;7.26;8.16;7.43333333333333;8.26666666666667;5.45;1.98333333333333;28.0599932692945
AME BORA BORA;12/12/2022;12;12;2022;8;AME BORA BORA8;MALE;YES;7.12;8.17;7.2;8.28333333333333;5.45;1.75;28.0599932692945
AME BORA BORA;12/12/2022;12;12;2022;9;AME BORA BORA9;MALE;YES;7.2;7.55;7.03333333333333;7.91666666666667;5.45;1.58333333333333;28.0599932692945
AME BORA BORA;12/12/2022;12;12;2022;10;AME BORA BORA10;MALE;YES;7.35;8.05;7.58333333333333;8.08333333333333;5.45;2.13333333333333;28.0599932692945
AME BORA BORA;12/12/2022;12;12;2022;11;AME BORA BORA11;UNKNOWN;LOST;NA;NA;NA;NA;5.45;NA;28.0599932692945
AME BORA BORA;12/12/2022;12;12;2022;12;AME BORA BORA12;MALE;LOST;NA;NA;NA;NA;5.45;NA;28.0599932692945
AME BORA BORA;12/12/2022;12;12;2022;13;AME BORA BORA13;FEMALE;NO;NA;NA;NA;NA;5.45;NA;28.0599932692945
AME BORA BORA;12/12/2022;12;12;2022;14;AME BORA BORA14;UNKNOWN;YES;7.3;8;7.5;8;5.45;2.05;28.0599932692945
AME BORA BORA;12/12/2022;12;12;2022;15;AME BORA BORA15;MALE;YES;7.08;8;7.13333333333333;8;5.45;1.68333333333333;28.0599932692945
AME BORA BORA;12/12/2022;12;12;2022;16;AME BORA BORA16;UNKNOWN;NO;NA;NA;NA;NA;5.45;NA;28.0599932692945
AME BORA BORA;12/12/2022;12;12;2022;17;AME BORA BORA17;MALE;NO;NA;NA;NA;NA;5.45;NA;28.0599932692945
AME BORA BORA;12/12/2022;12;12;2022;18;AME BORA BORA18;UNKNOWN;YES;7.35;8;7.58333333333333;8;5.45;2.13333333333333;28.0599932692945
AME BORA BORA;12/12/2022;12;12;2022;19;AME BORA BORA19;MALE;YES;7.35;8.05;7.58333333333333;8.08333333333333;5.45;2.13333333333333;28.0599932692945
AME BORA BORA;12/12/2022;12;12;2022;20;AME BORA BORA20;FEMALE;YES;7.06;7.45;7.1;7.75;5.45;1.65;28.0599932692945
AME BORA BORA;12/12/2022;12;12;2022;21;AME BORA BORA21;MALE;YES;7.39;8.1;7.65;8.16666666666667;5.45;2.2;28.0599932692945
AME BORA BORA;12/12/2022;12;12;2022;22;AME BORA BORA22;MALE;YES;7.19;8;7.31666666666667;8;5.45;1.86666666666667;28.0599932692945
AME BORA BORA;10/02/2023;10;2;2023;1;AME BORA BORA1;;NO;NA;NA;NA;NA;6;NA;28.5099932592362
AME BORA BORA;10/02/2023;10;2;2023;2;AME BORA BORA2;;NO;NA;NA;NA;NA;6;NA;28.5099932592362
AME BORA BORA;10/02/2023;10;2;2023;3;AME BORA BORA3;;NO;NA;NA;NA;NA;6;NA;28.5099932592362
AME BORA BORA;10/02/2023;10;2;2023;4;AME BORA BORA4;MALE;YES;8.07;8.28;8.11666666666667;8.46666666666667;6;2.11666666666667;28.5099932592362
AME BORA BORA;10/02/2023;10;2;2023;5;AME BORA BORA5;;NO;NA;NA;NA;NA;6;NA;28.5099932592362
AME BORA BORA;10/02/2023;10;2;2023;6;AME BORA BORA6;;LOST;NA;NA;NA;NA;6;NA;28.5099932592362
AME BORA BORA;10/02/2023;10;2;2023;7;AME BORA BORA7;MALE;YES;8.05;8.3;8.08333333333333;8.5;6;2.08333333333333;28.5099932592362
AME BORA BORA;10/02/2023;10;2;2023;8;AME BORA BORA8;MALE;YES;8.05;8.27;8.08333333333333;8.45;6;2.08333333333333;28.5099932592362
AME BORA BORA;10/02/2023;10;2;2023;9;AME BORA BORA9;;NO;NA;NA;NA;NA;6;NA;28.5099932592362
AME BORA BORA;10/02/2023;10;2;2023;10;AME BORA BORA10;;NO;NA;NA;NA;NA;6;NA;28.5099932592362
AME BORA BORA;10/02/2023;10;2;2023;11;AME BORA BORA11;;LOST;NA;NA;NA;NA;6;NA;28.5099932592362
AME BORA BORA;10/02/2023;10;2;2023;12;AME BORA BORA12;;LOST;NA;NA;NA;NA;6;NA;28.5099932592362
AME BORA BORA;10/02/2023;10;2;2023;13;AME BORA BORA13;;NO;NA;NA;NA;NA;6;NA;28.5099932592362
AME BORA BORA;10/02/2023;10;2;2023;14;AME BORA BORA14;;NO;NA;NA;NA;NA;6;NA;28.5099932592362
AME BORA BORA;10/02/2023;10;2;2023;15;AME BORA BORA15;MALE;YES;7.48;8.18;7.8;8.3;6;1.8;28.5099932592362
AME BORA BORA;10/02/2023;10;2;2023;16;AME BORA BORA16;;NO;NA;NA;NA;NA;6;NA;28.5099932592362
AME BORA BORA;10/02/2023;10;2;2023;17;AME BORA BORA17;;NO;NA;NA;NA;NA;6;NA;28.5099932592362
AME BORA BORA;10/02/2023;10;2;2023;18;AME BORA BORA18;;NO;NA;NA;NA;NA;6;NA;28.5099932592362
AME BORA BORA;10/02/2023;10;2;2023;19;AME BORA BORA19;;NO;NA;NA;NA;NA;6;NA;28.5099932592362
AME BORA BORA;10/02/2023;10;2;2023;20;AME BORA BORA20;FEMALE;YES;8.06;8.35;8.1;8.58333333333333;6;2.1;28.5099932592362
AME BORA BORA;10/02/2023;10;2;2023;21;AME BORA BORA21;MALE;YES;7.48;8.24;7.8;8.4;6;1.8;28.5099932592362
AME BORA BORA;10/02/2023;10;2;2023;22;AME BORA BORA22;MALE;YES;7.42;8.2;7.7;8.33333333333333;6;1.7;28.5099932592362
Vairao;10/02/2023;10;2;2023;1;Vairao1;MALE;YES;7.15;NA;7.25;NA;5.8;1.45;28.4899932596833
Vairao;10/02/2023;10;2;2023;2;Vairao2;FEMALE;YES;7.45;NA;7.75;NA;5.8;1.95;28.4899932596833
Vairao;10/02/2023;10;2;2023;3;Vairao3;FEMALE;YES;7.25;NA;7.41666666666667;NA;5.8;1.61666666666667;28.4899932596833
Vairao;10/02/2023;10;2;2023;4;Vairao4;FEMALE;YES;7.45;NA;7.75;NA;5.8;1.95;28.4899932596833
Vairao;10/02/2023;10;2;2023;5;Vairao5;;NO;NA;NA;NA;NA;5.8;NA;28.4899932596833
Vairao;10/02/2023;10;2;2023;6;Vairao6;MALE;YES;7.14;NA;7.23333333333333;NA;5.8;1.43333333333333;28.4899932596833
Vairao;10/02/2023;10;2;2023;7;Vairao7;MALE;NO;NA;NA;NA;NA;5.8;NA;28.4899932596833
Vairao;10/02/2023;10;2;2023;8;Vairao8;MALE;YES;7.42;NA;7.7;NA;5.8;1.9;28.4899932596833
Vairao;10/02/2023;10;2;2023;9;Vairao9;MALE;YES;7.15;NA;7.25;NA;5.8;1.45;28.4899932596833
Vairao;10/02/2023;10;2;2023;10;Vairao10;FEMALE;YES;7.33;NA;7.55;NA;5.8;1.75;28.4899932596833
Vairao;10/02/2023;10;2;2023;11;Vairao11;FEMALE;YES;NA;NA;NA;NA;5.8;NA;28.4899932596833
Vairao;10/02/2023;10;2;2023;12;Vairao12;MALE;YES;NA;NA;NA;NA;5.8;NA;28.4899932596833
Vairao;10/02/2023;10;2;2023;13;Vairao13;FEMALE;YES;NA;NA;NA;NA;5.8;NA;28.4899932596833
Vairao;10/02/2023;10;2;2023;14;Vairao14;FEMALE;YES;NA;NA;NA;NA;5.8;NA;28.4899932596833
Vairao;10/02/2023;10;2;2023;15;Vairao15;FEMALE;YES;NA;NA;NA;NA;5.8;NA;28.4899932596833
Vairao;10/02/2023;10;2;2023;16;Vairao16;;;NA;NA;NA;NA;5.8;NA;28.4899932596833
Vairao;10/02/2023;10;2;2023;17;Vairao17;MALE;YES;NA;NA;NA;NA;5.8;NA;28.4899932596833
Vairao;10/02/2023;10;2;2023;18;Vairao18;FEMALE;YES;NA;NA;NA;NA;5.8;NA;28.4899932596833
Vairao;10/02/2023;10;2;2023;19;Vairao19;FEMALE;YES;NA;NA;NA;NA;5.8;NA;28.4899932596833
Vairao;10/02/2023;10;2;2023;20;Vairao20;MALE;YES;NA;NA;NA;NA;5.8;NA;28.4899932596833
Vairao;10/02/2023;10;2;2023;21;Vairao21;FEMALE;YES;NA;NA;NA;NA;5.8;NA;28.4899932596833
Vairao;10/02/2023;10;2;2023;22;Vairao22;;NO;NA;NA;NA;NA;5.8;NA;28.4899932596833
Vairao;10/02/2023;10;2;2023;23;Vairao23;FEMALE;YES;NA;NA;NA;NA;5.8;NA;28.4899932596833
Vairao;10/02/2023;10;2;2023;24;Vairao24;FEMALE;YES;NA;NA;NA;NA;5.8;NA;28.4899932596833
Vairao;10/02/2023;10;2;2023;25;Vairao25;MALE;YES;NA;NA;NA;NA;5.8;NA;28.4899932596833
Vairao;10/02/2023;10;2;2023;26;Vairao26;MALE;YES;7.2;NA;7.33333333333333;NA;5.8;1.53333333333333;28.4899932596833
Vairao;10/02/2023;10;2;2023;27;Vairao27;FEMALE;YES;NA;NA;NA;NA;5.8;NA;28.4899932596833
Vairao;10/02/2023;10;2;2023;28;Vairao28;MALE;YES;NA;NA;NA;NA;5.8;NA;28.4899932596833
Vairao;10/02/2023;10;2;2023;29;Vairao29;FEMALE;YES;NA;NA;NA;NA;5.8;NA;28.4899932596833
Vairao;10/02/2023;10;2;2023;30;Vairao30;;;NA;NA;NA;NA;5.8;NA;28.4899932596833
AME BORA BORA;12/03/2023;12;3;2023;1;AME BORA BORA1;;NO;NA;NA;NA;NA;6.15;NA;29.2699932422489
AME BORA BORA;12/03/2023;12;3;2023;2;AME BORA BORA2;;NO;NA;NA;NA;NA;6.15;NA;29.2699932422489
AME BORA BORA;12/03/2023;12;3;2023;3;AME BORA BORA3;;NO;NA;NA;NA;NA;6.15;NA;29.2699932422489
AME BORA BORA;12/03/2023;12;3;2023;4;AME BORA BORA4;;NO;NA;NA;NA;NA;6.15;NA;29.2699932422489
AME BORA BORA;12/03/2023;12;3;2023;5;AME BORA BORA5;;NO;NA;NA;NA;NA;6.15;NA;29.2699932422489
AME BORA BORA;12/03/2023;12;3;2023;6;AME BORA BORA6;;NO;NA;NA;NA;NA;6.15;NA;29.2699932422489
AME BORA BORA;12/03/2023;12;3;2023;7;AME BORA BORA7;;NO;NA;NA;NA;NA;6.15;NA;29.2699932422489
AME BORA BORA;12/03/2023;12;3;2023;8;AME BORA BORA8;;NO;NA;NA;NA;NA;6.15;NA;29.2699932422489
AME BORA BORA;12/03/2023;12;3;2023;9;AME BORA BORA9;;NO;NA;NA;NA;NA;6.15;NA;29.2699932422489
AME BORA BORA;12/03/2023;12;3;2023;10;AME BORA BORA10;;NO;NA;NA;NA;NA;6.15;NA;29.2699932422489
AME BORA BORA;12/03/2023;12;3;2023;11;AME BORA BORA11;;NO;NA;NA;NA;NA;6.15;NA;29.2699932422489
AME BORA BORA;12/03/2023;12;3;2023;12;AME BORA BORA12;MALE;YES;7.4;8.16;7.66666666666667;8.26666666666667;6.15;1.51666666666667;29.2699932422489
AME BORA BORA;12/03/2023;12;3;2023;13;AME BORA BORA13;MALE;YES;7.4;8;7.66666666666667;8;6.15;1.51666666666667;29.2699932422489
AME BORA BORA;12/03/2023;12;3;2023;14;AME BORA BORA14;FEMALE;YES;7.5;8;7.83333333333333;8;6.15;1.68333333333333;29.2699932422489
AME BORA BORA;12/03/2023;12;3;2023;15;AME BORA BORA15;MALE;YES;7.47;8.16;7.78333333333333;8.26666666666667;6.15;1.63333333333333;29.2699932422489
AME BORA BORA;12/03/2023;12;3;2023;16;AME BORA BORA16;;NO;NA;NA;NA;NA;6.15;NA;29.2699932422489
AME BORA BORA;12/03/2023;12;3;2023;17;AME BORA BORA17;;NO;NA;NA;NA;NA;6.15;NA;29.2699932422489
AME BORA BORA;12/03/2023;12;3;2023;18;AME BORA BORA18;;NO;NA;NA;NA;NA;6.15;NA;29.2699932422489
AME BORA BORA;12/03/2023;12;3;2023;19;AME BORA BORA19;;YES;8;8.35;8;8.58333333333333;6.15;1.85;29.2699932422489
AME BORA BORA;12/03/2023;12;3;2023;20;AME BORA BORA20;;NO;NA;NA;NA;NA;6.15;NA;29.2699932422489
AME BORA BORA;12/03/2023;12;3;2023;21;AME BORA BORA21;MALE;YES;8.07;8.34;8.11666666666667;8.56666666666667;6.15;1.96666666666667;29.2699932422489
AME BORA BORA;12/03/2023;12;3;2023;22;AME BORA BORA22;;NO;NA;NA;NA;NA;6.15;NA;29.2699932422489
Vairao;12/03/2023;12;3;2023;1;Vairao1;MALE;NO;NA;NA;NA;NA;5.9833333;NA;28.9299932498485
Vairao;12/03/2023;12;3;2023;2;Vairao2;FEMALE;NO;NA;NA;NA;NA;5.9833333;NA;28.9299932498485
Vairao;12/03/2023;12;3;2023;3;Vairao3;FEMALE;YES;7.58;NA;7.96666666666667;NA;5.9833333;1.98333336666667;28.9299932498485
Vairao;12/03/2023;12;3;2023;4;Vairao4;FEMALE;YES;7.44;NA;7.73333333333333;NA;5.9833333;1.75000003333333;28.9299932498485
Vairao;12/03/2023;12;3;2023;5;Vairao5;FEMALE;YES;7.48;NA;7.8;NA;5.9833333;1.8166667;28.9299932498485
Vairao;12/03/2023;12;3;2023;6;Vairao6;MALE;YES;7.21;8;7.35;8;5.9833333;1.3666667;28.9299932498485
Vairao;12/03/2023;12;3;2023;7;Vairao7;MALE;NO;NA;NA;NA;NA;5.9833333;NA;28.9299932498485
Vairao;12/03/2023;12;3;2023;8;Vairao8;MALE;YES;7.36;NA;7.6;NA;5.9833333;1.6166667;28.9299932498485
Vairao;12/03/2023;12;3;2023;9;Vairao9;MALE;YES;7.18;NA;7.3;NA;5.9833333;1.3166667;28.9299932498485
Vairao;12/03/2023;12;3;2023;10;Vairao10;FEMALE;NO;NA;NA;NA;NA;5.9833333;NA;28.9299932498485
Vairao;12/03/2023;12;3;2023;11;Vairao11;FEMALE;YES;7.51;NA;7.85;NA;5.9833333;1.8666667;28.9299932498485
Vairao;12/03/2023;12;3;2023;12;Vairao12;MALE;YES;7.29;NA;7.48333333333333;NA;5.9833333;1.50000003333333;28.9299932498485
Vairao;12/03/2023;12;3;2023;13;Vairao13;FEMALE;NO;NA;NA;NA;NA;5.9833333;NA;28.9299932498485
Vairao;12/03/2023;12;3;2023;14;Vairao14;FEMALE;YES;7.54;NA;7.9;NA;5.9833333;1.9166667;28.9299932498485
Vairao;12/03/2023;12;3;2023;15;Vairao15;FEMALE;YES;7.4;NA;7.66666666666667;NA;5.9833333;1.68333336666667;28.9299932498485
Vairao;12/03/2023;12;3;2023;16;Vairao16;FEMALE;YES;7.58;NA;7.96666666666667;NA;5.9833333;1.98333336666667;28.9299932498485
Vairao;12/03/2023;12;3;2023;17;Vairao17;MALE;YES;7.4;NA;7.66666666666667;NA;5.9833333;1.68333336666667;28.9299932498485
Vairao;12/03/2023;12;3;2023;18;Vairao18;FEMALE;YES;7.5;NA;7.83333333333333;NA;5.9833333;1.85000003333333;28.9299932498485
Vairao;12/03/2023;12;3;2023;19;Vairao19;FEMALE;NO;NA;NA;NA;NA;5.9833333;NA;28.9299932498485
Vairao;12/03/2023;12;3;2023;20;Vairao20;MALE;NO;NA;NA;NA;NA;5.9833333;NA;28.9299932498485
Vairao;12/03/2023;12;3;2023;21;Vairao21;FEMALE;YES;7.35;NA;7.58333333333333;NA;5.9833333;1.60000003333333;28.9299932498485
Vairao;12/03/2023;12;3;2023;22;Vairao22;FEMALE;YES;7.4;NA;7.66666666666667;NA;5.9833333;1.68333336666667;28.9299932498485
Vairao;12/03/2023;12;3;2023;23;Vairao23;;NO;NA;NA;NA;NA;5.9833333;NA;28.9299932498485
Vairao;12/03/2023;12;3;2023;24;Vairao24;;NO;NA;NA;NA;NA;5.9833333;NA;28.9299932498485
Vairao;12/03/2023;12;3;2023;25;Vairao25;MALE;YES;7.32;NA;7.53333333333333;NA;5.9833333;1.55000003333333;28.9299932498485
Vairao;12/03/2023;12;3;2023;26;Vairao26;;NO;NA;NA;NA;NA;5.9833333;NA;28.9299932498485
Vairao;12/03/2023;12;3;2023;27;Vairao27;FEMALE;YES;7.43;NA;7.71666666666667;NA;5.9833333;1.73333336666667;28.9299932498485
Vairao;12/03/2023;12;3;2023;28;Vairao28;MALE;YES;7.32;NA;7.53333333333333;NA;5.9833333;1.55000003333333;28.9299932498485
Vairao;12/03/2023;12;3;2023;29;Vairao29;FEMALE;YES;7.43;NA;7.71666666666667;NA;5.9833333;1.73333336666667;28.9299932498485
Vairao;12/03/2023;12;3;2023;30;Vairao30;MALE;YES;7.39;NA;7.65;NA;5.9833333;1.6666667;28.9299932498485
AME BORA BORA;10/04/2023;10;4;2023;1;AME BORA BORA1;;NO;NA;NA;NA;NA;6.2333333;NA;29.3999932393432
AME BORA BORA;10/04/2023;10;4;2023;2;AME BORA BORA2;;NO;NA;NA;NA;NA;6.2333333;NA;29.3999932393432
AME BORA BORA;10/04/2023;10;4;2023;3;AME BORA BORA3;;NO;NA;NA;NA;NA;6.2333333;NA;29.3999932393432
AME BORA BORA;10/04/2023;10;4;2023;4;AME BORA BORA4;;NO;NA;NA;NA;NA;6.2333333;NA;29.3999932393432
AME BORA BORA;10/04/2023;10;4;2023;5;AME BORA BORA5;;NO;NA;NA;NA;NA;6.2333333;NA;29.3999932393432
AME BORA BORA;10/04/2023;10;4;2023;6;AME BORA BORA6;;NO;NA;NA;NA;NA;6.2333333;NA;29.3999932393432
AME BORA BORA;10/04/2023;10;4;2023;7;AME BORA BORA7;;NO;NA;NA;NA;NA;6.2333333;NA;29.3999932393432
AME BORA BORA;10/04/2023;10;4;2023;8;AME BORA BORA8;MALE;YES;7.55;8.2;7.91666666666667;8.33333333333333;6.2333333;1.68333336666667;29.3999932393432
AME BORA BORA;10/04/2023;10;4;2023;9;AME BORA BORA9;;NO;NA;NA;NA;NA;6.2333333;NA;29.3999932393432
AME BORA BORA;10/04/2023;10;4;2023;10;AME BORA BORA10;MALE;YES;8;8.2;8;8.33333333333333;6.2333333;1.7666667;29.3999932393432
AME BORA BORA;10/04/2023;10;4;2023;11;AME BORA BORA11;;LOST;NA;NA;NA;NA;6.2333333;NA;29.3999932393432
AME BORA BORA;10/04/2023;10;4;2023;12;AME BORA BORA12;;LOST;NA;NA;NA;NA;6.2333333;NA;29.3999932393432
AME BORA BORA;10/04/2023;10;4;2023;13;AME BORA BORA13;;NO;NA;NA;NA;NA;6.2333333;NA;29.3999932393432
AME BORA BORA;10/04/2023;10;4;2023;14;AME BORA BORA14;;NO;NA;NA;NA;NA;6.2333333;NA;29.3999932393432
AME BORA BORA;10/04/2023;10;4;2023;15;AME BORA BORA15;;NO;NA;NA;NA;NA;6.2333333;NA;29.3999932393432
AME BORA BORA;10/04/2023;10;4;2023;16;AME BORA BORA16;;NO;NA;NA;NA;NA;6.2333333;NA;29.3999932393432
AME BORA BORA;10/04/2023;10;4;2023;17;AME BORA BORA17;;NO;NA;NA;NA;NA;6.2333333;NA;29.3999932393432
AME BORA BORA;10/04/2023;10;4;2023;18;AME BORA BORA18;;NO;NA;NA;NA;NA;6.2333333;NA;29.3999932393432
AME BORA BORA;10/04/2023;10;4;2023;19;AME BORA BORA19;;NO;NA;NA;NA;NA;6.2333333;NA;29.3999932393432
AME BORA BORA;10/04/2023;10;4;2023;20;AME BORA BORA20;;NO;NA;NA;NA;NA;6.2333333;NA;29.3999932393432
AME BORA BORA;10/04/2023;10;4;2023;21;AME BORA BORA21;;NO;NA;NA;NA;NA;6.2333333;NA;29.3999932393432
AME BORA BORA;10/04/2023;10;4;2023;22;AME BORA BORA22;;NO;NA;NA;NA;NA;6.2333333;NA;29.3999932393432
Vairao;10/04/2023;10;4;2023;1;Vairao1;;NO;NA;NA;NA;NA;6.0833333;NA;29.0699932467193
Vairao;10/04/2023;10;4;2023;2;Vairao2;;NO;NA;NA;NA;NA;6.0833333;NA;29.0699932467193
Vairao;10/04/2023;10;4;2023;3;Vairao3;;NO;NA;NA;NA;NA;6.0833333;NA;29.0699932467193
Vairao;10/04/2023;10;4;2023;4;Vairao4;FEMALE;YES;8.03;NA;8.05;NA;6.0833333;1.9666667;29.0699932467193
Vairao;10/04/2023;10;4;2023;5;Vairao5;FEMALE;YES;8.06;NA;8.1;NA;6.0833333;2.0166667;29.0699932467193
Vairao;10/04/2023;10;4;2023;6;Vairao6;MALE;YES;7.32;NA;7.53333333333333;NA;6.0833333;1.45000003333333;29.0699932467193
Vairao;10/04/2023;10;4;2023;7;Vairao7;;NO;NA;NA;NA;NA;6.0833333;NA;29.0699932467193
Vairao;10/04/2023;10;4;2023;8;Vairao8;MALE;YES;7.44;NA;7.73333333333333;NA;6.0833333;1.65000003333333;29.0699932467193
Vairao;10/04/2023;10;4;2023;9;Vairao9;;NO;NA;NA;NA;NA;6.0833333;NA;29.0699932467193
Vairao;10/04/2023;10;4;2023;10;Vairao10;;NO;NA;NA;NA;NA;6.0833333;NA;29.0699932467193
Vairao;10/04/2023;10;4;2023;11;Vairao11;;NO;NA;NA;NA;NA;6.0833333;NA;29.0699932467193
Vairao;10/04/2023;10;4;2023;12;Vairao12;;NO;NA;NA;NA;NA;6.0833333;NA;29.0699932467193
Vairao;10/04/2023;10;4;2023;13;Vairao13;;NO;NA;NA;NA;NA;6.0833333;NA;29.0699932467193
Vairao;10/04/2023;10;4;2023;14;Vairao14;;NO;NA;NA;NA;NA;6.0833333;NA;29.0699932467193
Vairao;10/04/2023;10;4;2023;15;Vairao15;;NO;NA;NA;NA;NA;6.0833333;NA;29.0699932467193
Vairao;10/04/2023;10;4;2023;16;Vairao16;;NO;NA;NA;NA;NA;6.0833333;NA;29.0699932467193
Vairao;10/04/2023;10;4;2023;17;Vairao17;;NO;NA;NA;NA;NA;6.0833333;NA;29.0699932467193
Vairao;10/04/2023;10;4;2023;18;Vairao18;;NO;NA;NA;NA;NA;6.0833333;NA;29.0699932467193
Vairao;10/04/2023;10;4;2023;19;Vairao19;;NO;NA;NA;NA;NA;6.0833333;NA;29.0699932467193
Vairao;10/04/2023;10;4;2023;20;Vairao20;;NO;NA;NA;NA;NA;6.0833333;NA;29.0699932467193
Vairao;10/04/2023;10;4;2023;21;Vairao21;FEMALE;YES;7.52;NA;7.86666666666667;NA;6.0833333;1.78333336666667;29.0699932467193
Vairao;10/04/2023;10;4;2023;22;Vairao22;FEMALE;YES;8.1;NA;8.16666666666667;NA;6.0833333;2.08333336666667;29.0699932467193
Vairao;10/04/2023;10;4;2023;23;Vairao23;;NO;NA;NA;NA;NA;6.0833333;NA;29.0699932467193
Vairao;10/04/2023;10;4;2023;24;Vairao24;;NO;NA;NA;NA;NA;6.0833333;NA;29.0699932467193
Vairao;10/04/2023;10;4;2023;25;Vairao25;MALE;YES;7.37;NA;7.61666666666667;NA;6.0833333;1.53333336666667;29.0699932467193
Vairao;10/04/2023;10;4;2023;26;Vairao26;;NO;NA;NA;NA;NA;6.0833333;NA;29.0699932467193
Vairao;10/04/2023;10;4;2023;27;Vairao27;;NO;NA;NA;NA;NA;6.0833333;NA;29.0699932467193
Vairao;10/04/2023;10;4;2023;28;Vairao28;MALE;YES;7.4;NA;7.66666666666667;NA;6.0833333;1.58333336666667;29.0699932467193
Vairao;10/04/2023;10;4;2023;29;Vairao29;;NO;NA;NA;NA;NA;6.0833333;NA;29.0699932467193
Vairao;10/04/2023;10;4;2023;30;Vairao30;MALE;YES;7.46;NA;7.76666666666667;NA;6.0833333;1.68333336666667;29.0699932467193
